Open,High,Low,Close,Volume
15.308970508147844,15.745261440722595,13.302031663531148,14.407301902770996,80494500.0
14.465473341593336,15.25079677466163,13.350507608374366,13.369897842407227,36035200.0
13.428071975708008,14.00979293454638,12.516707753262391,13.428071975708008,65469300.0
13.428070995114197,15.250797457656729,13.117818915101985,14.242480278015137,79518900.0
,,,,
14.447411017051179,15.755486621086861,13.568851691737054,15.64810848236084,46550800.0
15.618823643268083,17.35641844386885,14.349794036061665,17.161182403564453,51125200.0
17.180704505727906,20.128757593648796,15.765248022705805,16.95618438720703,67686100.0
,,,,
17.259810250657733,17.456168341289285,15.679133987946164,15.87549114227295,39572200.0
15.954033397305027,19.68482199655411,15.875490538561134,18.722671508789062,48130500.0
18.653947687907227,20.509523990258728,17.407078103552397,18.231779098510742,37812500.0
,,,,
18.39601778411991,19.51122810739205,17.645965306424568,18.938819885253906,26428400.0
19.047379475544396,21.011333808451422,18.5934013684609,19.402667999267578,27725000.0
19.60991882638727,21.998243086659727,18.800650372589985,21.31727409362793,18269200.0
,,,,
21.502833878852478,30.2309205515896,21.1457751513751,30.111902236938477,33296700.0
30.26067794053356,33.81142274242483,29.229175727274274,30.8756103515625,34358500.0
30.85577487488018,31.163241076898462,26.481812810580937,30.69708251953125,35018700.0
,,,,
30.879248470191136,36.44567683164296,30.385339534990013,35.041622161865234,23653900.0
35.250739291865386,37.690405957563556,29.012154041460963,30.062705993652344,43719300.0
30.06270662252229,32.18372479885879,26.15923493755339,28.031307220458984,54812600.0
,,,,
28.0,29.700000762939453,27.489999771118164,28.780000686645508,13870800.0
29.18000030517578,29.350000381469727,28.469999313354492,28.780000686645508,987520.0
