Open,High,Low,Close,Volume
18.925294876098633,20.201806896261587,18.461625368217028,18.925294876098633,4077900.0
18.43323609298781,20.931376151350168,18.215595643144418,20.675884246826172,2193200.0
21.026001530078542,21.026001530078542,20.392004092425946,20.600183486938477,694200.0
20.50555746222618,20.666422543940776,19.067234590996474,19.786396026611328,454400.0
19.61606857693897,20.524483709854326,19.124010455145523,20.40146827697754,2123600.0
20.54340632903788,22.076355978840336,20.368347860139668,21.745162963867188,884600.0
21.76408869154719,22.010117736817055,21.149016980800898,21.745162963867188,416000.0
21.58429824390217,22.71035379141997,21.171727841850014,21.98172950744629,911100.0
22.01958203023374,22.473788694901902,20.699542218988594,20.817825317382812,808600.0
21.27203048212143,22.265609521487928,21.14901686260237,21.78301429748535,838600.0
21.96280350484844,22.369697627300972,19.701231378950663,20.250064849853516,704300.0
,,,,
21.780000686645508,21.780000686645508,20.690000534057617,21.170000076293945,1056800.0
21.110000610351562,21.594999313354492,20.43000030517578,20.809999465942383,605000.0
20.84000015258789,21.899999618530273,18.760000228881836,19.299999237060547,3145800.0
19.520000457763672,20.20800018310547,19.049999237060547,20.010000228881836,621600.0
20.06999969482422,20.93000030517578,19.799999237060547,20.670000076293945,490000.0
20.729999542236328,22.357999801635742,20.729999542236328,22.239999771118164,603200.0
22.139999389648438,22.690000534057617,21.665000915527344,22.34000015258789,744500.0
22.280000686645508,22.540000915527344,20.940000534057617,21.079999923706055,593300.0
20.81999969482422,21.899999618530273,20.399999618530273,21.139999389648438,765300.0
21.079999923706055,22.21500015258789,20.860000610351562,21.040000915527344,733600.0
21.010000228881836,23.09000015258789,20.93000030517578,22.149999618530273,967400.0
22.219999313354492,23.09000015258789,21.899999618530273,22.6299991607666,367400.0
22.15999984741211,23.09000015258789,22.100000381469727,22.6299991607666,139998.0
