Open,High,Low,Close,Volume
20.865136480171028,22.076355978840336,19.067233862275433,21.745162963867188,3971400.0
21.584298922095567,22.7103545049948,19.578218618207508,19.64445686340332,3773000.0
,,,,
21.020000457763672,21.899999618530273,18.760000228881836,20.670000076293945,5408800.0
20.729999542236328,22.690000534057617,20.399999618530273,21.8799991607666,2848000.0
21.829999923706055,23.09000015258789,20.860000610351562,22.6299991607666,1926700.0
22.15999984741211,23.09000015258789,22.100000381469727,22.6299991607666,139998.0
