Open,High,Low,Close,Volume
10.800000190734863,11.649999618530273,10.600000381469727,11.180000305175781,864000
10.600000381469727,11.59000015258789,9.399999618530273,9.899999618530273,750600
9.899999618530273,10.649999618530273,9.899999618530273,10.649999618530273,231300
10.399999618530273,10.84000015258789,10.25,10.779999732971191,3434700
10.699999809265137,11.34000015258789,10.600000381469727,11.050000190734863,1850600
11.050000190734863,12.079999923706055,10.989999771118164,11.0,1532700
10.90999984741211,11.119999885559082,10.5,10.600000381469727,439500
10.739999771118164,11.0,10.119999885559082,10.15999984741211,14105400
10.199999809265137,10.239999771118164,8.050000190734863,8.989999771118164,13544300
9.25,11.109999656677246,7.889999866485596,10.510000228881836,7555100
10.539999961853027,13.920000076293945,10.210000038146973,13.170000076293945,34880800
13.220000267028809,13.779999732971191,9.619999885559082,9.779999732971191,15502400
9.869999885559082,10.489999771118164,8.869999885559082,9.050000190734863,11511000
9.119999885559082,12.850000381469727,8.399999618530273,11.8100004196167,14438900
11.680000305175781,13.220000267028809,11.680000305175781,12.8100004196167,8097600
12.819999694824219,13.15999984741211,11.609999656677246,12.600000381469727,7332400
12.760000228881836,12.890000343322754,10.260000228881836,10.789999961853027,24004200
10.8100004196167,10.84000015258789,9.779999732971191,9.779999732971191,9534300
9.8100004196167,10.140000343322754,8.710000038146973,8.710000038146973,9419600
8.760000228881836,9.039999961853027,8.229999542236328,8.649999618530273,7490500
8.720000267028809,9.0,8.15999984741211,8.539999961853027,4975600
8.550000190734863,9.489999771118164,7.199999809265137,7.230000019073486,8150000
7.320000171661377,8.095000267028809,6.940000057220459,8.020000457763672,10237100
8.029999732971191,8.239999771118164,6.215000152587891,7.28000020980835,10395700
7.289999961853027,7.820000171661377,7.03000020980835,7.71999979019165,2794000
7.510000228881836,7.820000171661377,7.400000095367432,7.71999979019165,203662
