Open,High,Low,Close,Volume
35.27093656528868,40.16869854486596,35.261140727384316,37.63212966918945,46759500.0
37.94564575501729,38.99397598630218,35.937162776267854,37.98483657836914,25643800.0
38.210177403014264,42.64843527461354,37.62233001486799,40.05210494995117,20440600.0
,,,,
41.48505635418008,45.43554036858525,39.653375055562705,42.3365364074707,26711500.0
42.90089364686713,46.51474448927548,41.48505500355175,44.7028694152832,13463500.0
45.237520262385694,47.00979439501221,42.53455652151952,46.118709564208984,10828500.0
,,,,
46.689998626708984,50.380001068115234,46.560001373291016,47.43000030517578,22086100.0
47.63999938964844,53.970001220703125,47.08000183105469,52.63999938964844,15482100.0
53.04999923706055,53.54999923706055,49.220001220703125,50.81999969482422,12087600.0
50.810001373291016,52.41999816894531,48.345001220703125,48.810001373291016,13579400.0
49.02000045776367,53.880001068115234,48.5,53.61000061035156,9011700.0
53.5099983215332,54.54999923706055,50.650001525878906,50.7599983215332,10237000.0
51.41999816894531,55.220001220703125,48.775001525878906,54.66999816894531,15955500.0
54.689998626708984,55.529998779296875,49.810001373291016,52.81999969482422,14082500.0
52.88999938964844,54.560001373291016,51.18000030517578,52.54999923706055,10390100.0
52.599998474121094,52.790000915527344,52.040000915527344,52.54999923706055,538130.0
