Open,High,Low,Close,Volume
19.399999618530273,19.739999771118164,16.780000686645508,18.299999237060547,13107000
18.299999237060547,27.5,17.915000915527344,23.950000762939453,22578300
23.510000228881836,29.479999542236328,23.1299991607666,26.65999984741211,17656600
26.979999542236328,34.65999984741211,24.860000610351562,27.920000076293945,14509900
29.280000686645508,32.292999267578125,25.68000030517578,26.139999389648438,32490900
26.610000610351562,28.079999923706055,23.389999389648438,25.350000381469727,16866600
25.56999969482422,28.270000457763672,24.600000381469727,24.68000030517578,12826500
24.75,26.969999313354492,22.049999237060547,26.209999084472656,14944700
26.309999465942383,28.270000457763672,25.420000076293945,27.700000762939453,12084800
27.600000381469727,28.829999923706055,24.28499984741211,27.40999984741211,10186600
27.5,30.8700008392334,27.25,30.049999237060547,9007600
30.0,36.849998474121094,29.719999313354492,31.959999084472656,17826300
32.0,35.970001220703125,29.40999984741211,33.36000061035156,11235700
31.34000015258789,33.60499954223633,30.010000228881836,31.229999542236328,17816000
32.040000915527344,38.28099822998047,31.030000686645508,36.18000030517578,18655000
36.599998474121094,37.290000915527344,24.940000534057617,28.3799991607666,17939500
29.25,29.979999542236328,27.040000915527344,29.260000228881836,6664300
28.579999923706055,29.34000015258789,28.15999984741211,29.260000228881836,242047
