Open,High,Low,Close,Volume
10.699999809265137,10.75,10.020000457763672,10.279999732971191,3502700
10.359999656677246,10.5,9.989999771118164,10.100000381469727,12902100
10.109999656677246,10.609999656677246,10.109999656677246,10.359999656677246,4719800
10.479999542236328,10.479999542236328,9.850000381469727,10.050000190734863,5170300
10.050000190734863,10.369999885559082,9.739999771118164,10.199999809265137,3628200
10.3100004196167,11.989999771118164,10.25,11.180000305175781,35454900
11.130000114440918,14.510000228881836,10.899999618530273,11.210000038146973,67416300
11.479999542236328,11.789999961853027,10.149999618530273,10.399999618530273,61225800
10.600000381469727,10.699999809265137,9.84000015258789,10.039999961853027,48784100
10.0600004196167,10.210000038146973,9.880000114440918,10.050000190734863,21289200
10.029999732971191,10.59000015258789,9.90999984741211,10.399999618530273,38028600
10.449999809265137,10.699999809265137,9.760000228881836,9.770000457763672,34847100
9.869999885559082,10.0,8.460000038146973,9.40999984741211,54704600
9.420000076293945,11.430000305175781,9.199999809265137,10.989999771118164,113347000
10.979999542236328,13.34000015258789,10.880000114440918,11.479999542236328,120332300
11.470000267028809,11.890000343322754,10.649999618530273,10.880000114440918,44947100
10.880000114440918,12.0,10.100000381469727,10.399999618530273,43120500
10.470000267028809,11.020000457763672,9.760000228881836,10.8100004196167,52809800
10.8100004196167,11.029999732971191,8.739999771118164,9.65999984741211,67142600
9.649999618530273,11.100000381469727,9.229999542236328,10.859999656677246,28194600
10.960000038146973,11.100000381469727,10.6850004196167,10.859999656677246,3475278
