Open,High,Low,Close,Volume
10.550000190734863,12.430000305175781,10.239999771118164,10.710000038146973,12591800
10.619999885559082,11.279999732971191,9.819999694824219,9.960000038146973,23893700
9.979999542236328,10.380000114440918,9.239999771118164,9.850000381469727,16977700
9.739999771118164,9.954999923706055,9.335000038146973,9.350000381469727,17652500
9.350000381469727,9.760000228881836,8.380000114440918,9.029999732971191,29652500
9.024999618530273,9.800000190734863,8.369999885559082,9.630000114440918,25652700
9.739999771118164,9.774999618530273,9.100000381469727,9.350000381469727,12322600
9.305000305175781,9.380000114440918,9.239999771118164,9.350000381469727,894975
