Open,High,Low,Close,Volume
10.550000190734863,11.489999771118164,10.239999771118164,11.489999771118164,560400
11.430000305175781,12.359999656677246,11.149999618530273,12.149999618530273,3146800
12.279999732971191,12.430000305175781,11.010000228881836,11.880000114440918,2035200
11.989999771118164,12.119999885559082,10.789999961853027,10.899999618530273,5379700
11.229999542236328,11.25,10.59000015258789,11.170000076293945,5327300
11.180000305175781,11.279999732971191,10.359999656677246,10.470000267028809,3624600
10.649999618530273,10.649999618530273,10.291000366210938,10.489999771118164,6017700
10.25,10.550000190734863,9.84000015258789,9.989999771118164,6493300
10.09000015258789,10.15999984741211,9.770000457763672,9.930000305175781,5017300
9.829999923706055,10.3100004196167,9.609999656677246,9.9399995803833,4420300
10.020000457763672,10.380000114440918,9.680000305175781,9.770000457763672,3185400
9.6899995803833,10.119999885559082,9.5600004196167,9.949999809265137,3734200
9.789999961853027,10.199999809265137,9.239999771118164,9.850000381469727,4521000
9.739999771118164,9.880000114440918,9.479999542236328,9.649999618530273,3696800
9.710000038146973,9.859999656677246,9.489999771118164,9.630000114440918,3356000
9.640000343322754,9.875,9.460000038146973,9.600000381469727,5200900
9.729999542236328,9.954999923706055,9.380000114440918,9.609999656677246,3672200
9.609999656677246,9.920000076293945,9.0600004196167,9.420000076293945,3609600
9.399999618530273,9.760000228881836,9.279999732971191,9.40999984741211,4643800
9.380000114440918,9.454999923706055,8.600000381469727,8.630000114440918,10026200
8.529999732971191,9.100000381469727,8.380000114440918,8.890000343322754,8095000
8.920000076293945,9.069999694824219,8.729999542236328,9.029999732971191,5004500
9.024999618530273,9.180000305175781,8.449999809265137,8.65999984741211,6011600
8.640000343322754,9.050000190734863,8.390000343322754,8.859999656677246,4857900
8.899999618530273,9.149999618530273,8.59000015258789,8.75,4696900
8.630000114440918,9.25,8.369999885559082,9.140000343322754,6286900
9.199999809265137,9.800000190734863,9.180000305175781,9.319999694824219,8741400
9.329999923706055,9.569999694824219,9.130000114440918,9.25,5015800
9.1899995803833,9.399999618530273,9.100000381469727,9.350000381469727,2364800
9.305000305175781,9.380000114440918,9.239999771118164,9.350000381469727,894975
