Open,High,Low,Close,Volume
50.0,54.900001525878906,50.0,54.34000015258789,16292000
54.0,74.80000305175781,48.861000061035156,74.29000091552734,18724600
76.30000305175781,87.9800033569336,61.54999923706055,65.0,20999700
68.0,68.94000244140625,47.70000076293945,52.939998626708984,20605700
53.0,53.72999954223633,31.610000610351562,39.310001373291016,22633800
40.79999923706055,46.70000076293945,32.5099983215332,41.61000061035156,12614100
43.75,43.810001373291016,40.5,41.61000061035156,1777669
