Open,High,Low,Close,Volume
10.010000228881836,10.5,9.609999656677246,9.8100004196167,782500
9.760000228881836,10.199999809265137,9.758000373840332,9.935999870300293,202900
9.899999618530273,10.0,9.800000190734863,9.859999656677246,995500
9.869000434875488,12.989999771118164,9.8100004196167,11.75,9869900
11.800000190734863,11.800000190734863,10.15999984741211,11.104999542236328,7857800
11.270000457763672,13.541000366210938,10.550000190734863,12.800000190734863,4576700
13.199999809265137,18.732999801635742,12.5,15.649999618530273,5970200
15.739999771118164,28.979999542236328,14.630000114440918,24.950000762939453,7041800
35.689998626708984,42.900001525878906,26.0,30.450000762939453,21298400
31.520000457763672,32.47999954223633,15.300000190734863,18.299999237060547,70141500
19.260000228881836,19.260000228881836,11.9399995803833,17.110000610351562,36048200
17.209999084472656,17.450000762939453,10.899999618530273,16.649999618530273,26291400
17.059999465942383,20.219999313354492,14.930000305175781,16.0,33812100
15.819999694824219,16.059999465942383,11.65999984741211,11.920000076293945,21382100
11.819999694824219,12.600000381469727,6.659999847412109,8.399999618530273,62221900
8.40999984741211,8.850000381469727,6.239999771118164,6.519999980926514,40094800
6.550000190734863,6.78000020980835,5.079999923706055,6.019999980926514,29847900
6.059999942779541,7.110000133514404,4.75,5.010000228881836,39257000
5.070000171661377,5.420000076293945,3.8399999141693115,3.890000104904175,32045800
3.950000047683716,4.269999980926514,2.619999885559082,2.990000009536743,32111800
3.009999990463257,3.3499999046325684,2.890000104904175,3.2899999618530273,17058900
3.119999885559082,3.3499999046325684,3.0899999141693115,3.2899999618530273,2080115
