Open,High,Low,Close,Volume
9.600000381469727,10.170999526977539,9.600000381469727,9.770000457763672,144900
9.770000457763672,9.949999809265137,9.699999809265137,9.859999656677246,5689900
9.90999984741211,9.960000038146973,9.850000381469727,9.899999618530273,1426300
9.90999984741211,10.0,9.869999885559082,9.890000343322754,2114800
9.9399995803833,10.279999732971191,9.850000381469727,9.949999809265137,14800800
9.90999984741211,41.52000045776367,8.0,20.06999969482422,52332600
20.149999618530273,25.749000549316406,13.0,21.8700008392334,20558700
23.010000228881836,38.849998474121094,19.190000534057617,38.060001373291016,15547700
38.119998931884766,41.45600128173828,15.050000190734863,23.950000762939453,16351900
23.850000381469727,24.777999877929688,14.850000381469727,15.479999542236328,7556200
16.06999969482422,16.944000244140625,13.920000076293945,15.319999694824219,5026700
14.880000114440918,15.369999885559082,14.4399995803833,15.319999694824219,145686
