Open,High,Low,Close,Volume
12.333189205323833,13.399143047320369,11.40670539121122,12.950844764709473,4682700.0
12.96080649201882,14.98313033944513,12.432809857168651,14.674302101135254,10079000.0
,,,,
14.920000076293945,17.15999984741211,14.710000038146973,16.969999313354492,6294600.0
17.59000015258789,17.809999465942383,16.020000457763672,17.100000381469727,3511300.0
17.18000030517578,17.389999389648438,16.040000915527344,16.459999084472656,4240300.0
16.709999084472656,17.739999771118164,15.199999809265137,16.389999389648438,4700700.0
16.34000015258789,18.549999237060547,16.299999237060547,17.43000030517578,3476700.0
17.600000381469727,18.09000015258789,13.489999771118164,13.489999771118164,5063900.0
13.5,15.010000228881836,11.010000228881836,11.869999885559082,3017300.0
11.399999618530273,13.3100004196167,10.90999984741211,11.850000381469727,3494700.0
11.15999984741211,12.020000457763672,9.729999542236328,11.949999809265137,4067200.0
11.720000267028809,12.899999618530273,11.369999885559082,12.770000457763672,2147500.0
12.579999923706055,12.899999618530273,12.390000343322754,12.770000457763672,217105.0
