Open,High,Low,Close,Volume
10.0,10.020000457763672,9.75,9.789999961853027,1552300
9.90999984741211,10.100000381469727,9.779999732971191,9.890000343322754,10264200
9.869999885559082,10.15999984741211,9.75,9.90999984741211,39633500
9.9399995803833,9.9399995803833,9.8100004196167,9.850000381469727,9647300
9.859999656677246,10.170000076293945,9.85099983215332,9.930000305175781,11518800
9.949999809265137,10.0600004196167,9.90999984741211,10.050000190734863,37275000
10.15999984741211,17.770000457763672,9.5,13.119999885559082,97046200
13.850000381469727,14.25,10.210000038146973,11.260000228881836,69846500
11.619999885559082,11.779999732971191,3.940000057220459,4.929999828338623,47211000
4.940000057220459,6.15500020980835,4.650000095367432,5.369999885559082,35062600
5.429999828338623,5.460000038146973,5.21999979019165,5.369999885559082,1864592
