Open,High,Low,Close,Volume
10.739999771118164,10.880000114440918,7.730000019073486,7.860000133514404,5590200
7.800000190734863,8.0,5.699999809265137,5.829999923706055,3721800
5.869999885559082,7.159999847412109,5.46999979019165,5.78000020980835,3784600
5.840000152587891,6.039999961853027,4.900000095367432,5.070000171661377,1899200
5.340000152587891,5.340000152587891,4.909999847412109,5.070000171661377,199142
