Open,High,Low,Close,Volume
9.8100004196167,13.800000190734863,9.1899995803833,10.899999618530273,2282700
10.75,16.0,9.75,10.319999694824219,7069400
10.739999771118164,10.880000114440918,9.210000038146973,9.600000381469727,2106400
9.8100004196167,10.649999618530273,9.3100004196167,10.09000015258789,1611000
9.920000076293945,10.100000381469727,8.09000015258789,8.199999809265137,1138600
8.170000076293945,8.470000267028809,7.730000019073486,8.0600004196167,569400
8.09000015258789,8.34000015258789,6.800000190734863,6.929999828338623,479000
6.75,7.489999771118164,6.21999979019165,6.380000114440918,810500
6.400000095367432,6.797999858856201,6.019999980926514,6.349999904632568,875000
6.610000133514404,6.610000133514404,6.099999904632568,6.420000076293945,892400
6.420000076293945,6.619999885559082,5.699999809265137,5.829999923706055,829700
5.869999885559082,7.0,5.510000228881836,5.53000020980835,1061100
5.650000095367432,7.070000171661377,5.630000114440918,6.519999980926514,1375200
6.320000171661377,7.159999847412109,5.860000133514404,5.960000038146973,596200
6.050000190734863,6.460000038146973,5.46999979019165,5.550000190734863,651800
5.639999866485596,6.039999961853027,5.0,5.139999866485596,610700
5.380000114440918,5.394999980926514,4.949999809265137,4.989999771118164,1002100
4.96999979019165,5.340000152587891,4.900000095367432,5.070000171661377,386700
5.340000152587891,5.340000152587891,4.909999847412109,5.070000171661377,199142
