Open,High,Low,Close,Volume
35.060001373291016,53.150001525878906,31.790000915527344,51.290000915527344,133112600
51.0,67.50499725341797,42.939998626708984,61.29999923706055,56446900
61.90999984741211,76.5,58.52000045776367,69.75,34122800
71.08000183105469,79.4000015258789,57.619998931884766,65.33000183105469,81078700
65.80000305175781,69.94999694824219,60.7599983215332,61.540000915527344,51239100
62.27000045776367,78.0,56.22999954223633,59.099998474121094,71972400
61.52000045776367,76.91999816894531,60.0099983215332,63.83000183105469,104315600
67.41000366210938,72.48600006103516,46.15999984741211,56.97999954223633,123092500
59.150001525878906,62.20000076293945,49.310001373291016,52.04999923706055,66049200
52.68000030517578,53.13999938964844,43.25,51.88999938964844,167073100
51.95000076293945,54.4900016784668,44.0,47.68000030517578,137420500
47.79999923706055,47.9900016784668,21.5,21.989999771118164,215751300
22.020000457763672,22.540000915527344,15.350000381469727,18.09000015258789,352002900
18.25,22.3799991607666,15.149999618530273,18.260000228881836,249979500
18.799999237060547,25.979999542236328,17.420000076293945,18.219999313354492,179756300
18.5,25.079999923706055,17.559999465942383,20.010000228881836,213105500
20.600000381469727,22.950000762939453,16.600000381469727,20.1200008392334,285669500
19.920000076293945,24.850000381469727,17.020000457763672,21.790000915527344,194036600
21.84000015258789,23.274999618530273,18.834999084472656,20.530000686645508,93937800
20.5,20.81999969482422,19.940000534057617,20.530000686645508,6635448
