Open,High,Low,Close,Volume
36.13313409988667,39.87459235521253,30.436763763427734,30.436763763427734,104600.0
33.476699033608234,39.6875192477582,31.80239558610554,39.154361724853516,5929700.0
38.46219199471293,44.71978355673371,37.947742169755244,40.594825744628906,3044000.0
,,,,
40.719360185910645,48.99565305329807,40.53964769687693,43.07455825805664,11395300.0
43.1502336286997,46.65938522033744,40.77612103515241,43.169151306152344,4345100.0
43.36777550131531,50.518494220129945,42.885387421699924,47.21743392944336,3377800.0
,,,,
47.42098036992817,54.153116424215305,46.637951985895,52.89263153076172,3643700.0
53.00721728407227,56.516525357832165,50.142478378278966,52.01411056518555,3513500.0
52.55841070928803,67.08263609940946,52.55841070928803,63.64495086669922,3743300.0
,,,,
64.81501235850185,71.73886815399929,62.098355051868936,69.52708435058594,3024400.0
69.66170662343902,70.40217153843831,60.410660427090136,64.50727844238281,3387400.0
64.50728436456478,66.31517813499534,55.89092421031535,63.680267333984375,4601600.0
,,,,
64.99024201369387,75.40030955469211,64.51528937925195,74.02393341064453,4867600.0
74.78966537772457,75.11921710314755,68.97398405360993,69.81725311279297,2547600.0
70.15650037430834,72.1144505798165,65.62026860281122,69.3810806274414,3486200.0
,,,,
,,,,
70.39076676277128,74.68815848084387,67.44060896888453,74.14730072021484,4300700.0
74.95368065606341,79.26090855096342,62.99570352841755,63.684078216552734,4134700.0
64.16593084793404,65.24765385212235,60.20288681744175,62.54334259033203,4423900.0
,,,,
63.38193635376058,64.64104547336132,56.40228849159335,59.36665725708008,11144000.0
59.71365510692496,62.955622249851096,57.22517469466977,60.120140075683594,5491700.0
60.30355691278485,65.51350762405416,57.19543069210973,58.68257141113281,11437700.0
,,,,
60.22999954223633,69.20500183105469,58.0,68.26000213623047,6826700.0
68.56999969482422,70.44000244140625,63.19900131225586,66.31999969482422,4781400.0
65.81999969482422,69.68000030517578,65.22200012207031,66.97000122070312,3872700.0
67.08999633789062,67.51000213623047,66.35169982910156,66.97000122070312,192080.0
