Open,High,Low,Close,Volume
9.40999984741211,42.880001068115234,8.0,42.52000045776367,460717100
39.68000030517578,50.79999923706055,14.75,15.609999656677246,224182100
15.890000343322754,18.319000244140625,8.119999885559082,8.510000228881836,166414600
8.569999694824219,8.75,3.309999942779541,4.309999942779541,129382800
4.465000152587891,9.010000228881836,3.8399999141693115,7.840000152587891,292638700
8.0,9.010000228881836,7.760000228881836,7.840000152587891,27214089
