Open,High,Low,Close,Volume
76.0,84.80000305175781,61.16999816894531,67.30999755859375,112044600
68.51000213623047,76.48999786376953,57.400001525878906,62.380001068115234,53257100
63.20000076293945,64.77999877929688,54.88999938964844,60.2400016784668,23538700
60.439998626708984,60.88999938964844,38.90999984741211,47.720001220703125,53513400
48.54999923706055,60.34000015258789,43.5099983215332,57.599998474121094,43534200
57.529998779296875,58.63999938964844,45.40999984741211,50.880001068115234,30132200
50.95000076293945,56.47999954223633,44.2400016784668,54.5,37219900
54.5,61.04999923706055,49.290000915527344,49.97999954223633,58603200
50.5,60.5,47.79999923706055,52.52000045776367,23853600
52.54999923706055,53.279998779296875,33.060001373291016,34.2599983215332,53838700
34.70000076293945,38.650001525878906,30.100000381469727,33.86000061035156,36625700
34.16999816894531,35.763999938964844,25.899999618530273,29.510000228881836,33525200
29.920000076293945,30.989999771118164,26.299999237060547,28.799999237060547,22808200
28.889999389648438,29.010000228881836,28.0,28.799999237060547,991185
