Open,High,Low,Close,Volume
15.769461860587827,16.25688180957226,15.19602651925904,16.037065505981445,18435400.0
,,,,
16.213606608324028,16.47371838646381,15.664482968357335,15.895692825317383,8094200.0
15.972762969417158,17.7261057838688,15.471807354575937,16.98430633544922,7338200.0
17.051743577252378,19.257872062929394,17.051743577252378,18.86288833618164,14175400.0
,,,,
19.20392437072195,19.27710894025054,17.554806386003893,17.593839645385742,4980700.0
17.593841492356397,19.252716104857416,17.51577682660586,17.652389526367188,6197800.0
17.867065749327885,18.589164326646184,17.29133817828075,17.85730743408203,13844000.0
,,,,
18.14216983653756,20.333277176879417,17.92454361660344,19.962322235107422,18877700.0
20.130488489175814,22.079237764742302,19.655666617988203,21.604415893554688,40041800.0
21.663768121523447,26.560374084883783,21.663768121523447,23.157480239868164,108407300.0
,,,,
23.540000915527344,26.34000015258789,23.299999237060547,26.020000457763672,20116900.0
26.15999984741211,27.440000534057617,25.420000076293945,27.399999618530273,18315800.0
27.459999084472656,28.0,24.510000228881836,24.809999465942383,18549500.0
24.959999084472656,26.950000762939453,24.8700008392334,26.59000015258789,12980200.0
26.479999542236328,27.25,24.8700008392334,25.0,12518500.0
25.229999542236328,26.059999465942383,23.170000076293945,24.81999969482422,15163100.0
24.940000534057617,25.024999618530273,21.6299991607666,23.110000610351562,14536600.0
23.010000228881836,23.139999389648438,21.770000457763672,22.260000228881836,7029200.0
22.170000076293945,22.389999389648438,22.10099983215332,22.260000228881836,620017.0
