Open,High,Low,Close,Volume
32.5,62.0,32.41999816894531,43.31999969482422,73288400
43.75,76.7699966430664,41.31999969482422,76.23999786376953,50330100
77.5,81.4000015258789,49.2599983215332,52.84000015258789,48741100
52.33000183105469,55.47999954223633,43.54999923706055,50.90999984741211,32443000
51.470001220703125,53.79999923706055,38.11000061035156,52.150001525878906,41916200
52.02000045776367,63.20000076293945,50.45000076293945,53.65999984741211,27893800
53.5,55.349998474121094,52.11159896850586,53.65999984741211,1096460
