Open,High,Low,Close,Volume
87.19999694824219,98.77999877929688,71.01000213623047,76.19999694824219,10531900
76.20999908447266,82.29000091552734,55.72999954223633,77.16000366210938,8692700
78.2699966430664,79.25,45.060001373291016,50.02000045776367,8621500
50.5,67.4800033569336,50.16999816894531,61.869998931884766,4564100
61.75,63.88999938964844,59.650001525878906,61.869998931884766,342035
