Open,High,Low,Close,Volume
25.5,25.5,23.040000915527344,24.8700008392334,6944800
24.56999969482422,27.270000457763672,21.149999618530273,22.549999237060547,9271500
23.049999237060547,23.260000228881836,17.760000228881836,17.889999389648438,11536000
18.3799991607666,18.559999465942383,12.9399995803833,14.989999771118164,20605400
15.1899995803833,17.860000610351562,14.100000381469727,17.209999084472656,14122000
17.010000228881836,17.299999237060547,16.8799991607666,17.209999084472656,813115
