Open,High,Low,Close,Volume
26.149999618530273,29.600000381469727,26.149999618530273,29.0,2186400
30.25,34.619998931884766,28.520000457763672,31.200000762939453,2534300
31.5,38.31999969482422,30.5,34.0,1158600
32.75,33.0,28.0,28.93000030517578,3367000
29.0,30.350000381469727,28.56999969482422,29.59000015258789,1253500
29.5,29.790000915527344,29.43000030517578,29.59000015258789,57286
