Open,High,Low,Close,Volume
33.5,44.959999084472656,33.2599983215332,39.650001525878906,44360400
39.5,39.5,27.899999618530273,34.45000076293945,37101400
34.45000076293945,38.150001525878906,31.899999618530273,36.86000061035156,13492200
36.869998931884766,40.31999969482422,34.95000076293945,35.9900016784668,13736100
36.09000015258789,39.290000915527344,32.06999969482422,35.099998474121094,17635500
35.099998474121094,40.691001892089844,31.155000686645508,31.979999542236328,33080000
32.7599983215332,43.220001220703125,28.93000030517578,34.880001068115234,100637200
35.22999954223633,37.5,25.0,30.290000915527344,81513000
30.700000762939453,35.279998779296875,29.079999923706055,34.0,23324700
33.810001373291016,34.23500061035156,33.099998474121094,34.0,3207490
