Open,High,Low,Close,Volume
38.0,49.95000076293945,38.0,48.0,1103599
47.5,56.56999969482422,43.880001068115234,47.20000076293945,76396670
