Open,High,Low,Close,Volume
38.0,49.95000076293945,38.0,45.0,612822
44.91999816894531,49.619998931884766,41.33000183105469,46.75,419463
46.0,56.56999969482422,46.0,50.13999938964844,39414493
50.0,50.040000915527344,43.880001068115234,48.09000015258789,27010218
48.189998626708984,49.0,46.95000076293945,47.20000076293945,10043273
