Open,High,Low,Close,Volume
44.0,57.9900016784668,42.310001373291016,47.5,24578500
47.79999923706055,48.65999984741211,37.709999084472656,39.189998626708984,15323000
39.560001373291016,59.97999954223633,39.25,55.90999984741211,30917900
56.900001525878906,74.25,52.58000183105469,59.650001525878906,24960700
59.849998474121094,71.30000305175781,58.13999938964844,67.94999694824219,20312400
67.5,94.97000122070312,66.22000122070312,78.0199966430664,58169300
80.66999816894531,82.13999938964844,58.40999984741211,76.23999786376953,68141800
76.62000274658203,76.62000274658203,51.0,65.38999938964844,60199600
66.62899780273438,81.11000061035156,52.5,57.95000076293945,41669600
56.529998779296875,58.86000061035156,55.45000076293945,57.95000076293945,1575593
