Open,High,Low,Close,Volume
16.139999389648438,18.0,16.139999389648438,17.059999465942383,6749400
17.059999465942383,18.59000015258789,14.960000038146973,16.389999389648438,1804400
16.350000381469727,18.739999771118164,16.350000381469727,17.65999984741211,702900
17.639999389648438,17.950000762939453,16.450000762939453,16.75,362600
16.899999618530273,17.212200164794922,16.639999389648438,16.75,26887
