Open,High,Low,Close,Volume
20.0,27.1299991607666,20.0,26.5,18860800
26.65999984741211,29.3799991607666,23.75,27.43000030517578,10609600
27.5,30.56999969482422,24.579999923706055,26.209999084472656,14887600
26.489999771118164,28.1299991607666,23.729999542236328,27.360000610351562,4928300
27.34000015258789,31.92799949645996,26.309999465942383,26.6299991607666,5590100
26.959999084472656,32.5099983215332,23.920000076293945,30.34000015258789,10612900
30.6200008392334,32.540000915527344,22.25,24.049999237060547,45241200
24.270000457763672,25.0,21.8799991607666,23.610000610351562,8315300
23.100000381469727,23.670000076293945,22.8700008392334,23.610000610351562,482817
