Open,High,Low,Close,Volume
20.0,25.860000610351562,20.0,23.700000762939453,10130500
23.31999969482422,27.1299991607666,22.5,26.5,8730300
26.65999984741211,27.1299991607666,24.15999984741211,24.3700008392334,2875400
24.100000381469727,27.850000381469727,23.75,27.760000228881836,2347900
27.5,27.860000610351562,25.65999984741211,26.920000076293945,2009400
27.0,29.3799991607666,25.610000610351562,27.549999237060547,2434500
27.299999237060547,30.56999969482422,25.690000534057617,27.780000686645508,2281000
27.899999618530273,28.25,25.559999465942383,27.399999618530273,2302600
27.389999389648438,28.770000457763672,25.729999542236328,25.790000915527344,7236800
25.25,28.325000762939453,24.579999923706055,27.030000686645508,3132000
26.889999389648438,28.09000015258789,25.549999237060547,27.84000015258789,1381700
27.6200008392334,28.1299991607666,25.059999465942383,25.09000015258789,1589700
25.18000030517578,26.204999923706055,24.809999465942383,25.309999465942383,821900
25.06999969482422,25.709999084472656,23.729999542236328,24.540000915527344,1170300
24.459999084472656,27.71500015258789,24.459999084472656,27.360000610351562,842300
27.34000015258789,28.780000686645508,26.639999389648438,27.110000610351562,771100
27.469999313354492,30.25,27.079999923706055,29.719999313354492,887500
30.420000076293945,31.92799949645996,28.610000610351562,29.6299991607666,1560600
29.639999389648438,30.3700008392334,27.1299991607666,29.0,893900
29.139999389648438,29.6299991607666,25.299999237060547,26.540000915527344,2014900
26.3700008392334,29.889999389648438,25.6299991607666,26.3799991607666,2179700
26.75,27.584999084472656,25.5,26.280000686645508,2125600
25.809999465942383,30.170000076293945,23.920000076293945,29.510000228881836,2457800
29.579999923706055,32.5099983215332,28.959999084472656,30.34000015258789,3311900
30.6200008392334,32.540000915527344,25.030000686645508,25.450000762939453,20704400
25.559999465942383,25.950000762939453,23.440000534057617,24.450000762939453,12115600
23.899999618530273,25.799999237060547,23.700000762939453,23.889999389648438,4636600
23.610000610351562,25.0,22.25,23.450000762939453,6630500
23.6299991607666,25.0,22.864999771118164,23.270000457763672,4890500
23.350000381469727,24.43000030517578,22.18000030517578,22.3799991607666,2633400
22.25,23.670000076293945,21.8799991607666,23.610000610351562,1945500
23.100000381469727,23.670000076293945,22.8700008392334,23.610000610351562,482817
