Open,High,Low,Close,Volume
10.149999618530273,10.229999542236328,9.815999984741211,9.960000038146973,428600
9.979999542236328,9.979999542236328,9.720000267028809,9.84000015258789,440400
9.84000015258789,9.925000190734863,9.729999542236328,9.829999923706055,255500
9.8100004196167,10.050000190734863,9.720000267028809,9.920000076293945,6204500
9.949999809265137,10.40999984741211,9.869999885559082,10.149999618530273,14601700
10.1899995803833,10.34000015258789,10.029999732971191,10.109999656677246,6190000
10.170000076293945,12.729999542236328,10.0600004196167,12.5,26253400
12.800000190734863,14.979999542236328,12.050000190734863,12.779999732971191,26580800
12.930000305175781,13.6899995803833,10.300000190734863,10.949999809265137,17860700
11.020000457763672,11.199999809265137,5.820000171661377,8.680000305175781,35138600
8.75,11.489999771118164,8.609999656677246,9.550000190734863,25293800
10.40999984741211,10.609999656677246,9.430000305175781,9.550000190734863,2182417
