Open,High,Low,Close,Volume
39.0,45.97999954223633,37.79999923706055,45.0,10361300
45.5,62.53300094604492,40.209999084472656,44.70000076293945,25522200
45.72999954223633,46.439998626708984,32.59000015258789,38.0,29306500
38.16999816894531,46.9900016784668,37.91999816894531,39.560001373291016,28021900
39.599998474121094,41.16999816894531,35.36000061035156,35.59000015258789,12541400
35.9900016784668,43.779998779296875,34.709999084472656,38.470001220703125,37192800
38.5,40.0,30.360000610351562,31.649999618530273,59905200
32.25,35.459999084472656,29.899999618530273,34.90999984741211,20952600
34.90999984741211,37.75,28.649999618530273,29.989999771118164,34110100
30.25,30.989999771118164,22.80500030517578,24.440000534057617,30960000
24.600000381469727,25.90999984741211,17.31999969482422,20.309999465942383,20579000
20.610000610351562,22.315000534057617,19.079999923706055,21.15999984741211,15486400
20.739999771118164,21.239999771118164,20.1200008392334,21.15999984741211,882964
