Open,High,Low,Close,Volume
10.0,11.300000190734863,10.0,10.899999618530273,6354200
10.899999618530273,12.699999809265137,10.859999656677246,11.420000076293945,3354900
11.5,14.621000289916992,11.270000457763672,12.350000381469727,4573300
12.5,13.470000267028809,11.40999984741211,11.569999694824219,3446400
11.649999618530273,12.1899995803833,9.989999771118164,10.279999732971191,3803100
10.319999694824219,10.550000190734863,10.069999694824219,10.279999732971191,911200
10.25,10.428000450134277,9.920000076293945,10.0,1978200
10.0,10.414999961853027,9.951000213623047,10.100000381469727,2549700
10.09000015258789,10.170000076293945,9.800000190734863,9.869999885559082,7186100
9.899999618530273,9.930000305175781,9.829999923706055,9.899999618530273,9554300
9.899999618530273,10.0,9.850000381469727,9.949999809265137,4031500
9.960000038146973,10.010000228881836,9.899999618530273,10.010000228881836,5722700
10.020000457763672,10.739999771118164,9.960000038146973,9.970000267028809,32125900
9.979999542236328,10.963000297546387,7.349999904632568,8.170000076293945,6597000
8.260000228881836,8.710000038146973,6.0,6.75,3292400
6.75,7.329999923706055,6.050000190734863,6.659999847412109,1649000
6.460000038146973,7.090000152587891,6.409999847412109,6.659999847412109,145288
