Open,High,Low,Close,Volume
9.800000190734863,10.0,9.75,9.859999656677246,10500
9.9399995803833,9.9399995803833,9.65999984741211,9.899999618530273,39600
9.899999618530273,10.0,9.729999542236328,9.890000343322754,5173800
9.899999618530273,9.9399995803833,9.819999694824219,9.859999656677246,1875900
9.899999618530273,9.9399995803833,9.829999923706055,9.890000343322754,1098700
9.899999618530273,10.100000381469727,9.859999656677246,9.90999984741211,2109300
9.899999618530273,10.0,9.869999885559082,9.949999809265137,970000
10.0,10.0600004196167,9.899999618530273,10.0,2528600
9.970000267028809,10.369999885559082,9.619999885559082,10.25,4428300
10.079999923706055,13.862000465393066,4.619999885559082,12.550000190734863,32232000
12.75,15.345999717712402,5.349999904632568,5.690000057220459,12605700
5.739999771118164,5.799799919128418,5.349999904632568,5.690000057220459,824980
