Open,High,Low,Close,Volume
37.25,50.29999923706055,37.0,42.83000183105469,16744800
42.5,45.689998626708984,35.040000915527344,40.13999938964844,5175400
40.22999954223633,44.09000015258789,27.860000610351562,29.309999465942383,14020800
29.68000030517578,33.38999938964844,24.65999984741211,27.329999923706055,13514500
27.5,28.979999542236328,18.145000457763672,21.8799991607666,13901100
22.030000686645508,26.48699951171875,20.579999923706055,24.309999465942383,4773600
24.799999237060547,25.059999465942383,23.559999465942383,24.309999465942383,274367
