Open,High,Low,Close,Volume
32.0,32.06,31.64,31.64,0
32.0,32.0,32.0,32.0,0
31.979999542236328,31.979999542236328,31.979999542236328,31.979999542236328,262
31.020000457763672,31.020000457763672,31.020000457763672,31.020000457763672,280
32.900001525878906,32.900001525878906,32.900001525878906,32.900001525878906,101
32.959999084472656,32.9900016784668,32.959999084472656,32.9900016784668,219
32.959999084472656,33.0,32.959999084472656,33.0,819
33.75,33.75,33.75,33.75,810
33.222198486328125,33.222198486328125,33.222198486328125,33.222198486328125,170
32.63999938964844,32.63999938964844,32.63999938964844,32.63999938964844,385
32.4,32.4,32.4,32.4,0
32.2,32.2,32.2,32.2,0
32.1,32.1,32.1,32.1,0
32.8650016784668,32.8650016784668,32.8650016784668,32.8650016784668,369
33.0,33.0,33.0,33.0,234
32.599998474121094,32.599998474121094,32.599998474121094,32.599998474121094,973
31.35,31.35,31.35,31.35,1536
32.279998779296875,32.279998779296875,32.279998779296875,32.279998779296875,0
32.400001525878906,32.400001525878906,32.400001525878906,32.400001525878906,110
32.0,32.0,32.0,32.0,109
33.75,33.75,33.75,33.75,0
31.510000228881836,31.510000228881836,31.510000228881836,31.510000228881836,1065
31.59,31.59,31.59,31.59,0
31.59,31.59,31.59,31.59,0
