Open,High,Low,Close,Volume
52.0,57.0,42.630001068115234,45.13999938964844,13412900
45.59000015258789,70.18000030517578,42.417999267578125,64.0,31990600
65.12000274658203,73.43000030517578,54.22999954223633,54.560001373291016,39064100
55.34000015258789,62.099998474121094,47.0,48.5099983215332,44786200
49.0,51.18000030517578,29.600000381469727,33.20000076293945,52158500
33.810001373291016,37.79999923706055,29.700000762939453,35.689998626708984,27482800
35.849998474121094,36.85499954223633,23.209999084472656,29.920000076293945,36314700
30.469999313354492,36.880001068115234,28.25,33.43000030517578,13668900
33.5,33.93000030517578,32.40999984741211,33.43000030517578,522813
