Open,High,Low,Close,Volume
11.149999618530273,14.25,10.800000190734863,11.59000015258789,84046400
11.65999984741211,15.449999809265137,9.130000114440918,13.819999694824219,220699200
13.90999984741211,15.86400032043457,11.300000190734863,11.869999885559082,92670000
11.869999885559082,12.119999885559082,7.909999847412109,8.3100004196167,251905500
8.399999618530273,8.770000457763672,4.3429999351501465,5.980000019073486,256947400
6.039999961853027,6.380000114440918,5.079999923706055,5.440000057220459,150415200
5.449999809265137,5.489999771118164,5.144999980926514,5.440000057220459,8739306
