Open,High,Low,Close,Volume
16.299999237060547,21.690000534057617,15.5,15.960000038146973,90071000
16.06999969482422,17.670000076293945,12.824999809265137,16.709999084472656,31395300
16.860000610351562,17.389999389648438,13.75,14.0,30618600
14.0600004196167,14.65999984741211,12.630000114440918,12.75,13783000
12.819999694824219,16.079999923706055,12.760000228881836,14.550000190734863,28316400
13.970000267028809,19.549999237060547,13.0,18.920000076293945,35682300
18.920000076293945,19.41200065612793,13.805000305175781,14.989999771118164,24393800
14.920000076293945,15.579999923706055,13.829999923706055,14.460000038146973,15722000
14.279999732971191,14.569999694824219,14.069999694824219,14.460000038146973,934046
