Open,High,Low,Close,Volume
38.65399932861328,46.970001220703125,38.459999084472656,42.400001525878906,64513300
42.119998931884766,47.720001220703125,40.630001068115234,46.470001220703125,13539100
46.314998626708984,48.650001525878906,43.630001068115234,46.2400016784668,19117400
46.5099983215332,50.52000045776367,46.37799835205078,47.959999084472656,11120800
48.439998626708984,49.722999572753906,45.869998931884766,45.869998931884766,11285200
46.689998626708984,48.59000015258789,44.70000076293945,47.97999954223633,12656700
47.849998474121094,52.310001373291016,47.44499969482422,51.70000076293945,8696300
51.380001068115234,54.099998474121094,50.849998474121094,51.400001525878906,8391700
51.08000183105469,51.95000076293945,50.95000076293945,51.400001525878906,1090330
