Open,High,Low,Close,Volume
141.39999389648438,145.0,128.5,140.25,4199500
140.0,152.83999633789062,118.54499816894531,129.55999755859375,6941200
130.0,204.9949951171875,128.94000244140625,166.36000061035156,5666100
167.00999450683594,191.82000732421875,136.07000732421875,173.69000244140625,4366200
174.77000427246094,175.0399932861328,109.47000122070312,110.19000244140625,9961200
112.62000274658203,116.45999908447266,94.50499725341797,106.11000061035156,10118100
106.4000015258789,108.91500091552734,78.05000305175781,100.01000213623047,7051900
100.0,102.43000030517578,83.09500122070312,93.62999725341797,3865400
99.26000213623047,100.58000183105469,92.93000030517578,93.62999725341797,363299
