Open,High,Low,Close,Volume
16.0,17.329999923706055,9.899999618530273,9.949999809265137,296100
10.0,175.0,9.84000015258789,67.75,840039800
66.33000183105469,69.87000274658203,37.172000885009766,41.38999938964844,107640800
41.459999084472656,66.30999755859375,36.689998626708984,51.43000030517578,115200300
51.400001525878906,91.49700164794922,45.20199966430664,73.06999969482422,173216600
73.5,97.1500015258789,71.13600158691406,85.16000366210938,86695100
83.5,87.5,81.73519897460938,85.16000366210938,6001382
