Open,High,Low,Close,Volume
10.600000381469727,11.100000381469727,10.0,10.319999694824219,705600
10.329999923706055,10.489999771118164,10.01200008392334,10.085000038146973,519100
10.07800006866455,10.229999542236328,9.8100004196167,9.880000114440918,9733800
9.880000114440918,9.960000038146973,9.859999656677246,9.920000076293945,7915500
9.949999809265137,9.979999542236328,9.899999618530273,9.970000267028809,8037400
9.979999542236328,9.989999771118164,9.920000076293945,9.960000038146973,2292300
9.970000267028809,9.989999771118164,5.550000190734863,6.820000171661377,15496700
6.690000057220459,7.789999961853027,3.9200000762939453,4.630000114440918,18754900
4.670000076293945,5.230000019073486,3.049999952316284,3.4100000858306885,17465200
3.3299999237060547,3.490000009536743,3.049999952316284,3.4100000858306885,1037205
