Open,High,Low,Close,Volume
34.060001373291016,35.939998626708984,30.0,33.529998779296875,7261100
33.709999084472656,34.5099983215332,19.959999084472656,21.8700008392334,11891400
22.389999389648438,25.260000228881836,20.06999969482422,24.1200008392334,15712800
24.079999923706055,24.47599983215332,18.40999984741211,21.860000610351562,12287400
21.889999389648438,24.68000030517578,20.010000228881836,23.729999542236328,4522000
23.90999984741211,24.68000030517578,22.860000610351562,23.729999542236328,539374
