Open,High,Low,Close,Volume
10.5,10.989999771118164,9.779999732971191,10.069999694824219,2374000
10.220000267028809,10.649999618530273,10.020000457763672,10.300000190734863,3049500
10.279999732971191,10.5,10.0,10.279999732971191,4646100
10.329999923706055,10.600000381469727,10.100000381469727,10.399999618530273,1094000
10.369999885559082,11.289999961853027,9.949999809265137,10.0,17799600
10.010000228881836,10.600000381469727,9.970000267028809,10.329999923706055,9602100
10.550000190734863,11.5,10.149999618530273,10.84000015258789,31277400
10.970000267028809,11.970000267028809,9.930000305175781,10.369999885559082,59039900
10.430000305175781,11.369999885559082,8.8100004196167,9.260000228881836,45378700
9.420000076293945,10.850000381469727,8.260000228881836,9.960000038146973,55679700
10.0,11.15999984741211,9.510000228881836,10.9399995803833,37018400
10.949999809265137,14.579999923706055,9.954999923706055,12.739999771118164,33319700
12.880000114440918,14.494999885559082,11.380000114440918,11.420000076293945,44647000
11.479999542236328,12.069999694824219,10.039999961853027,10.050000190734863,50811700
10.119999885559082,12.484999656677246,9.630000114440918,11.9399995803833,57318300
12.0,12.729999542236328,11.225000381469727,11.300000190734863,61339100
11.420000076293945,12.960000038146973,10.864999771118164,12.5,45666900
12.539999961853027,13.319999694824219,11.300000190734863,12.180000305175781,50256000
12.369999885559082,12.539999961853027,9.9399995803833,11.260000228881836,79974000
11.329999923706055,11.5600004196167,7.84499979019165,9.300000190734863,82857300
9.289999961853027,9.670000076293945,8.619999885559082,9.329999923706055,25736500
9.270000457763672,9.364999771118164,9.045000076293945,9.329999923706055,1254408
