Open,High,Low,Close,Volume
20.0,21.0,16.010000228881836,17.56999969482422,21895000
17.59000015258789,23.40999984741211,17.579999923706055,21.600000381469727,7148100
21.709999084472656,22.989999771118164,14.869999885559082,16.489999771118164,11372500
16.5,20.790000915527344,16.030000686645508,20.68000030517578,3637600
20.799999237060547,21.690000534057617,15.880000114440918,16.280000686645508,5195500
16.530000686645508,17.3799991607666,15.11400032043457,15.75,6165500
15.8100004196167,15.880000114440918,10.380000114440918,12.020000457763672,5158000
11.899999618530273,12.5,11.369999885559082,11.880000114440918,2386500
11.970000267028809,12.347700119018555,11.510000228881836,11.880000114440918,97864
