Open,High,Low,Close,Volume
39.75,51.060001373291016,37.47999954223633,45.13999938964844,19664200
46.40999984741211,47.9900016784668,32.849998474121094,44.0,9062900
43.0099983215332,44.54999923706055,23.059999465942383,29.25,6507300
29.229999542236328,29.510000228881836,24.940000534057617,26.639999389648438,2464300
26.829999923706055,26.979999542236328,25.729999542236328,26.639999389648438,161779
