Open,High,Low,Close,Volume
10.0,10.6899995803833,9.649999618530273,9.8100004196167,6415300
9.800000190734863,9.8100004196167,9.659000396728516,9.65999984741211,2024000
9.699999809265137,9.8100004196167,9.649999618530273,9.800000190734863,985500
9.800000190734863,10.079999923706055,9.770000457763672,10.0,2076800
10.029999732971191,20.649999618530273,9.920000076293945,18.450000762939453,64995000
20.170000076293945,20.75,13.8100004196167,14.09000015258789,49664200
14.800000190734863,15.300000190734863,10.5600004196167,12.0600004196167,25895200
12.359999656677246,15.428999900817871,11.085000038146973,11.729999542236328,19921600
11.75,13.246999740600586,10.420000076293945,12.640000343322754,10461600
12.710000038146973,17.479999542236328,12.130000114440918,15.579999923706055,20348000
15.779999732971191,17.0,10.239999771118164,12.079999923706055,46840100
12.100000381469727,13.579999923706055,8.699999809265137,10.09000015258789,37735500
9.90999984741211,11.5,8.800000190734863,9.4399995803833,57138600
9.4399995803833,9.710000038146973,7.400000095367432,8.579999923706055,35506700
8.859999656677246,9.220000267028809,5.699999809265137,6.150000095367432,52668400
6.110000133514404,6.760000228881836,4.510000228881836,5.320000171661377,34291100
5.420000076293945,6.46999979019165,3.7100000381469727,4.28000020980835,25554300
4.230000019073486,4.920000076293945,4.013999938964844,4.860000133514404,15229400
4.610000133514404,4.918799877166748,4.590000152587891,4.860000133514404,753498
