Open,High,Low,Close,Volume
43.25,49.25,40.05099868774414,42.689998626708984,34103400
42.7400016784668,50.630001068115234,39.0,50.25,21228500
50.029998779296875,53.35599899291992,33.72999954223633,35.220001220703125,55880600
35.619998931884766,36.0,23.190000534057617,26.260000228881836,34103600
26.399999618530273,26.809999465942383,18.520000457763672,21.75,29101400
22.139999389648438,23.719999313354492,18.100000381469727,21.850000381469727,29370000
22.139999389648438,22.440000534057617,21.520000457763672,21.850000381469727,1844908
