Open,High,Low,Close,Volume
17.432237004983627,17.880495287954144,13.746564228211966,14.991724014282227,63062400.0
14.633119488532545,17.641425469538945,11.873845500489463,17.233013153076172,16877000.0
,,,,
17.085006304128676,19.28791658545581,16.68629007031328,19.10849380493164,10683200.0
18.939037501298156,20.902715968306175,17.374075233019074,18.709775924682617,15458600.0
18.80945651898696,21.819765416447666,18.430674682739173,21.530696868896484,15830800.0
,,,,
21.521754879046952,23.207194052727917,17.143604224866888,18.200742721557617,49200600.0
17.95141643960456,22.54897425867412,17.422846270757347,21.202617645263672,31385000.0
21.212588740663644,23.02767591525502,18.988608385079726,19.088336944580078,16609400.0
,,,,
19.166721010773774,28.5355676389769,19.166721010773774,27.068878173828125,30527200.0
26.92919311024167,29.174124011014833,26.440297275772807,29.114259719848633,21915600.0
29.06437268865913,32.177344531876386,27.70743790325044,28.226266860961914,14080600.0
,,,,
,,,,
,,,,
28.234564341501002,31.840037953181813,26.75641996145067,30.981117248535156,14591600.0
31.330680197002355,35.385590667656636,30.002347358083306,34.906192779541016,20630000.0
34.88621844662679,36.65400035560729,31.91993987614408,32.88872528076172,21000300.0
,,,,
32.96913225369823,33.518617029034054,29.911995069186094,32.50956344604492,18595500.0
33.178936781774084,33.75839611981647,30.531415786928576,31.89014434814453,20149600.0
32.08995899725769,34.90732131321211,30.35158654497868,34.83738708496094,21776300.0
,,,,
34.979337326678696,35.9787469645838,32.555769717247856,35.16922378540039,17747800.0
35.22918731035616,38.13746900390479,34.49961878241523,37.12806701660156,25049000.0
37.42789298427065,41.84528190517204,36.3984984294998,41.125709533691406,20451800.0
,,,,
41.32716356923651,43.69642658702549,37.618316485545314,38.5880126953125,30902400.0
38.228127493419066,38.81794444070668,34.48928715046638,37.8382453918457,28806600.0
37.968208854719755,38.03818681851349,30.580503650816482,32.85979461669922,26328800.0
,,,,
33.130001068115234,33.7599983215332,28.864999771118164,29.459999084472656,20175600.0
29.899999618530273,29.940000534057617,28.864999771118164,29.459999084472656,2576426.0
