Open,High,Low,Close,Volume
47.0,49.47999954223633,44.47999954223633,48.7400016784668,23258300
54.27000045776367,73.25299835205078,53.060001373291016,69.23999786376953,60673700
72.0,72.47699737548828,56.20000076293945,64.97000122070312,40848600
65.08999633789062,69.33999633789062,43.59000015258789,49.34000015258789,44392100
49.83000183105469,60.9900016784668,48.650001525878906,52.93000030517578,33845500
54.959999084472656,54.93000030517578,51.71500015258789,52.93000030517578,2309603
