Open,High,Low,Close,Volume
105.0,132.34500122070312,93.5,112.19999694824219,15291300
113.6500015258789,137.0,91.05000305175781,96.54000091552734,9874600
98.31999969482422,99.0,70.0,87.0,25814200
87.44999694824219,88.16999816894531,53.1349983215332,64.01000213623047,22560000
64.56700134277344,80.83999633789062,61.0099983215332,72.91000366210938,7833500
74.33999633789062,75.19000244140625,71.625,72.91000366210938,379515
