Open,High,Low,Close,Volume
105.0,115.45999908447266,93.5,115.0,4949400
114.3499984741211,120.97000122070312,99.55000305175781,120.02999877929688,7654500
122.95999908447266,132.34500122070312,103.12000274658203,112.19999694824219,2687400
113.6500015258789,128.0,111.51499938964844,123.54000091552734,1537800
126.0,137.0,121.12999725341797,125.0,2084500
127.41999816894531,127.56999969482422,110.5999984741211,112.01000213623047,1769800
113.0,114.98999786376953,91.05000305175781,95.98999786376953,3297300
96.63999938964844,101.29000091552734,82.18000030517578,88.0,3154700
89.07499694824219,91.94999694824219,70.81999969482422,75.0,10077600
74.73999786376953,87.12999725341797,70.0,85.69000244140625,6952000
84.9000015258789,97.81999969482422,82.82499694824219,94.2699966430664,4211000
94.0,97.66000366210938,85.23999786376953,87.0,2604100
87.44999694824219,88.16999816894531,66.77999877929688,70.69000244140625,5598300
69.30999755859375,75.43299865722656,63.29999923706055,64.05999755859375,4652700
63.0099983215332,65.05999755859375,56.02000045776367,59.90999984741211,4900800
57.939998626708984,63.9900016784668,53.1349983215332,60.9900016784668,6836700
61.41999816894531,73.06999969482422,61.0099983215332,72.4000015258789,3612000
71.69999694824219,80.83999633789062,68.76000213623047,71.9000015258789,3380200
73.08000183105469,76.4800033569336,71.4800033569336,72.91000366210938,1412800
74.33999633789062,75.19000244140625,71.625,72.91000366210938,379515
