Open,High,Low,Close,Volume
8.600000381469727,28.920000076293945,8.399999618530273,18.0,110078400
18.989999771118164,21.3700008392334,14.270000457763672,15.949999809265137,21044100
16.1200008392334,16.65999984741211,11.199999809265137,11.4399995803833,19960100
11.800000190734863,11.930000305175781,4.945000171661377,5.449999809265137,11985300
5.630000114440918,6.039999961853027,4.710000038146973,5.199999809265137,9919700
5.139999866485596,5.210000038146973,4.920000076293945,5.199999809265137,428077
