Open,High,Low,Close,Volume
66.48999786376953,89.30000305175781,61.04999923706055,81.79000091552734,38249600
81.4800033569336,87.54000091552734,75.30999755859375,78.44000244140625,16428400
78.22000122070312,91.61000061035156,73.1500015258789,88.80000305175781,13537700
90.01000213623047,105.91999816894531,88.9800033569336,96.05000305175781,13940100
96.97000122070312,97.88999938964844,82.62000274658203,90.83000183105469,20429800
91.0199966430664,92.04000091552734,70.51000213623047,81.20999908447266,17730800
82.08999633789062,88.05000305175781,78.30000305175781,85.80000305175781,6999200
88.0199966430664,88.05000305175781,84.72000122070312,85.80000305175781,952564
