Open,High,Low,Close,Volume
17.0,17.979999542236328,15.609999656677246,16.8799991607666,26567800
16.75,20.5,15.84000015258789,19.979999542236328,20263200
20.329999923706055,26.81999969482422,19.28499984741211,25.469999313354492,18844800
25.8799991607666,26.489999771118164,22.75,26.020000457763672,17017700
26.100000381469727,26.549999237060547,21.790000915527344,24.09000015258789,13180600
24.299999237060547,24.959999084472656,20.020000457763672,20.950000762939453,13711700
21.0,23.43000030517578,19.604999542236328,22.239999771118164,18617100
22.229999542236328,25.0,21.274999618530273,23.190000534057617,13329400
23.270000457763672,28.649999618530273,23.110000610351562,24.479999542236328,26516100
24.34000015258789,26.42099952697754,22.469999313354492,26.229999542236328,24438900
26.219999313354492,26.3799991607666,17.469999313354492,19.690000534057617,26246900
19.799999237060547,20.1299991607666,17.5049991607666,18.649999618530273,9900700
18.709999084472656,18.889999389648438,18.530099868774414,18.649999618530273,869793
