Open,High,Low,Close,Volume
81.16000366210938,102.94999694824219,79.27100372314453,91.04000091552734,25680000
91.5,92.7300033569336,45.43000030517578,66.38999938964844,17243800
66.56999969482422,83.12000274658203,59.2400016784668,66.05999755859375,7043300
68.58000183105469,69.52999877929688,64.86000061035156,66.05999755859375,366968
