Open,High,Low,Close,Volume
35.970001220703125,85.0,35.29999923706055,44.31999969482422,695286000
43.7599983215332,47.84000015258789,39.22999954223633,42.08000183105469,131074200
42.36199951171875,43.36000061035156,33.9900016784668,34.970001220703125,137608600
35.20000076293945,38.16999816894531,25.75,25.940000534057617,202947800
26.350000381469727,26.389999389648438,16.68000030517578,17.760000228881836,368041700
18.049999237060547,18.940000534057617,9.9399995803833,14.149999618530273,553956300
14.289999961853027,15.329999923706055,12.930000305175781,13.510000228881836,272967800
13.520000457763672,14.0600004196167,13.279999732971191,13.510000228881836,16184858
