Open,High,Low,Close,Volume
22.0,35.0,14.149999618530273,18.75,14756100
18.700000762939453,20.0,14.75,16.799999237060547,4828200
16.600000381469727,20.020000457763672,15.0,19.549999237060547,4000700
19.780000686645508,32.29999923706055,19.25,31.020000457763672,16603800
33.0,46.0,19.729999542236328,24.15999984741211,99439700
24.600000381469727,26.93000030517578,19.610000610351562,24.989999771118164,118274200
25.959999084472656,25.979999542236328,16.94499969482422,19.260000228881836,129806700
19.530000686645508,21.829999923706055,18.8799991607666,19.450000762939453,77124100
19.68000030517578,19.790000915527344,19.1299991607666,19.450000762939453,5361718
