Open,High,Low,Close,Volume
19.649999618530273,20.920000076293945,16.260000228881836,17.489999771118164,12959300
17.559999465942383,22.90999984741211,16.229999542236328,22.1299991607666,6210700
21.8799991607666,26.1200008392334,20.260000228881836,20.6299991607666,11061000
20.68000030517578,24.989999771118164,20.225000381469727,24.56999969482422,5859900
25.149999618530273,29.68000030517578,21.81999969482422,22.440000534057617,10140000
22.579999923706055,23.8799991607666,19.06999969482422,22.209999084472656,11220300
22.360000610351562,23.0,13.930000305175781,16.739999771118164,14042500
17.030000686645508,20.389999389648438,16.690000534057617,19.0,4865300
19.190000534057617,19.684999465942383,18.8799991607666,19.0,451050
