Open,High,Low,Close,Volume
17.649999618530273,18.479999542236328,16.399999618530273,16.81999969482422,18981400
16.8799991607666,17.19499969482422,13.180000305175781,13.489999771118164,6827400
13.569999694824219,14.539999961853027,12.34000015258789,14.100000381469727,6407900
14.15999984741211,14.229999542236328,10.895000457763672,11.960000038146973,3144700
12.0,13.039999961853027,11.239999771118164,11.680000305175781,1756900
12.210000038146973,12.210000038146973,11.630000114440918,11.680000305175781,87352
