Open,High,Low,Close,Volume
27.549999237060547,30.280000686645508,27.510000228881836,29.65999984741211,13773100
29.709999084472656,32.150001525878906,29.010000228881836,31.270000457763672,7491700
31.530000686645508,33.54499816894531,30.684999465942383,32.34000015258789,2934200
32.54999923706055,34.540000915527344,32.0,33.22999954223633,2725200
33.689998626708984,34.400001525878906,31.399999618530273,32.9900016784668,3011800
33.11000061035156,35.279998779296875,31.270000457763672,32.52000045776367,3110800
32.54999923706055,39.0,31.56999969482422,38.52000045776367,3163800
38.18000030517578,40.130001068115234,34.70000076293945,36.43000030517578,6753800
35.72999954223633,37.1150016784668,33.63999938964844,35.209999084472656,2247400
35.5,37.900001525878906,34.5099983215332,36.97999954223633,2028500
37.04999923706055,37.7599983215332,29.540000915527344,30.1200008392334,2599100
29.549999237060547,32.68000030517578,28.489999771118164,29.489999771118164,2024700
28.829999923706055,29.132999420166016,25.1299991607666,25.68000030517578,1993300
25.0,27.549999237060547,24.299999237060547,25.989999771118164,3249300
26.1299991607666,29.549999237060547,25.709999084472656,27.149999618530273,1844900
27.260000228881836,30.4950008392334,25.56999969482422,25.739999771118164,1671100
25.549999237060547,28.309999465942383,25.3799991607666,28.149999618530273,2476800
27.329999923706055,28.309999465942383,26.59000015258789,28.149999618530273,933453
