Open,High,Low,Close,Volume
27.549999237060547,30.280000686645508,27.510000228881836,29.65999984741211,13773100
29.709999084472656,35.279998779296875,29.010000228881836,32.189998626708984,17306300
33.22999954223633,40.130001068115234,31.270000457763672,36.97999954223633,16160900
37.04999923706055,37.7599983215332,24.299999237060547,27.920000076293945,10223000
29.549999237060547,30.4950008392334,25.3799991607666,28.149999618530273,5636200
27.329999923706055,28.309999465942383,26.59000015258789,28.149999618530273,933453
