Open,High,Low,Close,Volume
23.049999237060547,23.75,18.520000457763672,20.270000457763672,5398400
20.190000534057617,26.290000915527344,18.799999237060547,22.899999618530273,4182400
22.950000762939453,23.68000030517578,19.59000015258789,22.59000015258789,4525500
22.6200008392334,27.5,21.843000411987305,25.219999313354492,2236900
25.399999618530273,29.59000015258789,21.9950008392334,22.270000457763672,5194800
22.850000381469727,24.770000457763672,19.84000015258789,23.979999542236328,3131900
24.100000381469727,24.469999313354492,19.729999542236328,23.100000381469727,3735300
23.459999084472656,24.940000534057617,22.15999984741211,24.34000015258789,1263100
24.540000915527344,24.770000457763672,23.950000762939453,24.34000015258789,211852
