Open,High,Low,Close,Volume
24.899999618530273,31.40999984741211,21.799999237060547,28.110000610351562,28853300
28.75,29.100000381469727,14.550000190734863,18.100000381469727,35491300
18.100000381469727,25.420000076293945,17.530000686645508,20.959999084472656,18514400
22.239999771118164,23.519399642944336,20.540000915527344,20.959999084472656,952433
