Open,High,Low,Close,Volume
46.0,51.0,35.849998474121094,40.599998474121094,34507300
40.290000915527344,40.959999084472656,35.5,38.599998474121094,11589800
39.5,41.220001220703125,31.357999801635742,37.61000061035156,15013400
38.029998779296875,38.099998474121094,31.31999969482422,32.599998474121094,6526300
32.88999938964844,38.0,29.760000228881836,31.700000762939453,20395900
31.670000076293945,34.599998474121094,29.033000946044922,29.920000076293945,14146900
29.989999771118164,38.599998474121094,28.81999969482422,36.93000030517578,14345000
37.209999084472656,40.68000030517578,36.18000030517578,37.400001525878906,8584000
37.58000183105469,40.119998931884766,31.850000381469727,35.31999969482422,13630600
35.95000076293945,38.310001373291016,34.060001373291016,36.52000045776367,7017700
36.130001068115234,36.89799880981445,27.770000457763672,34.68000030517578,10904100
34.720001220703125,37.29999923706055,30.510000228881836,33.56999969482422,23042200
33.56999969482422,34.689998626708984,29.860000610351562,32.810001373291016,8580300
32.810001373291016,35.2400016784668,30.530000686645508,35.150001525878906,9044100
35.150001525878906,40.029998779296875,34.5,38.52000045776367,18319700
38.560001373291016,48.90999984741211,37.439998626708984,47.650001525878906,15118800
48.59000015258789,49.27000045776367,30.020000457763672,32.22999954223633,33798300
32.70000076293945,40.52000045776367,28.854999542236328,38.0099983215332,23025000
38.0,39.619998931884766,30.10099983215332,33.060001373291016,14148400
33.349998474121094,36.689998626708984,31.780000686645508,34.68000030517578,5579500
34.34000015258789,34.790000915527344,33.915000915527344,34.68000030517578,335220
