Open,High,Low,Close,Volume
10.899999618530273,12.0,10.350000381469727,11.25,1790000
11.420000076293945,12.270000457763672,10.710000038146973,11.5600004196167,9002600
11.75,14.180000305175781,11.109999656677246,12.260000228881836,16451600
12.399999618530273,17.0,11.40999984741211,11.739999771118164,78939300
12.390000343322754,12.779999732971191,9.859999656677246,10.149999618530273,53609400
10.300000190734863,10.350000381469727,9.895000457763672,9.899999618530273,19538700
9.920000076293945,10.029999732971191,9.75,9.949999809265137,17677600
10.0,10.319999694824219,9.90999984741211,9.979999542236328,19206200
10.0,10.050000190734863,9.930000305175781,9.979999542236328,36104300
9.899999618530273,14.329999923706055,8.25,12.710000038146973,57116400
12.380000114440918,12.699999809265137,7.829999923706055,10.0600004196167,119484600
10.149999618530273,10.220000267028809,8.579999923706055,8.680000305175781,42499000
8.739999771118164,10.199999809265137,7.75,7.929999828338623,50508400
8.020000457763672,8.130000114440918,6.059999942779541,7.300000190734863,64726700
7.349999904632568,7.599999904632568,3.640000104904175,4.150000095367432,92566100
4.199999809265137,6.199999809265137,3.609999895095825,5.550000190734863,98422900
6.179999828338623,6.199999809265137,5.53000020980835,5.550000190734863,10239238
