Open,High,Low,Close,Volume
25.642464359284457,28.660384637932804,25.149340044682834,26.697750091552734,29735100.0
26.71747457930615,36.23477502248483,26.569537666334025,31.22463035583496,29707200.0
,,,,
32.11000061035156,42.404998779296875,32.02000045776367,41.83000183105469,52897200.0
42.25,47.7599983215332,35.83000183105469,38.369998931884766,20307400.0
38.0,44.65999984741211,37.029998779296875,43.43000030517578,9217800.0
42.849998474121094,43.994998931884766,42.56999969482422,43.43000030517578,586387.0
