Open,High,Low,Close,Volume
16.389999389648438,20.18000030517578,15.710000038146973,18.100000381469727,59399600
18.489999771118164,19.6299991607666,15.229999542236328,16.8799991607666,41046700
16.8700008392334,17.079999923706055,15.229999542236328,15.680000305175781,18671100
16.06999969482422,16.079999923706055,15.600000381469727,15.680000305175781,1069958
