Open,High,Low,Close,Volume
19.950000762939453,26.979999542236328,19.510000228881836,22.979999542236328,9472700
22.93000030517578,23.84000015258789,16.770000457763672,18.649999618530273,5229200
18.8799991607666,36.665000915527344,18.450000762939453,31.270000457763672,11771900
30.540000915527344,33.63999938964844,21.190000534057617,21.209999084472656,9993100
21.200000762939453,27.790000915527344,19.5,24.610000610351562,25236300
24.65999984741211,28.559999465942383,20.540000915527344,21.959999084472656,14424600
22.209999084472656,25.440000534057617,20.450000762939453,23.3799991607666,7585300
23.489999771118164,29.5,21.5,22.559999465942383,27524700
22.979999542236328,24.610000610351562,21.100000381469727,22.940000534057617,16944400
23.209999084472656,24.200000762939453,19.270000457763672,23.920000076293945,23207800
23.8700008392334,26.0,21.43000030517578,22.020000457763672,7596400
23.079999923706055,23.40999984741211,21.729999542236328,22.020000457763672,990303
