Open,High,Low,Close,Volume
28.899999618530273,28.899999618530273,28.899999618530273,28.899999618530273,0
30.299999237060547,30.299999237060547,30.299999237060547,30.299999237060547,113
29.084999084472656,29.770299911499023,29.084999084472656,29.758899688720703,492
28.063800811767578,28.063800811767578,28.063800811767578,28.063800811767578,0
27.860000610351562,27.860000610351562,27.860000610351562,27.860000610351562,135
28.015899658203125,28.015899658203125,28.015899658203125,28.015899658203125,544
28.739999771118164,28.739999771118164,28.739999771118164,28.739999771118164,0
28.770000457763672,28.770000457763672,28.770000457763672,28.770000457763672,109
28.58,28.77,28.58,28.77,0
