Open,High,Low,Close,Volume
20.0,29.670000076293945,19.549999237060547,27.860000610351562,33846400
28.030000686645508,29.81100082397461,20.540000915527344,23.700000762939453,11934100
23.790000915527344,24.979999542236328,10.710000038146973,14.859999656677246,41278500
14.890000343322754,16.670000076293945,13.329999923706055,14.5,27944600
14.520000457763672,14.600000381469727,10.670000076293945,11.979999542236328,17107300
12.125,13.829999923706055,7.670000076293945,7.940000057220459,26216500
8.079999923706055,10.609999656677246,7.639999866485596,9.520000457763672,27932300
9.729999542236328,10.770000457763672,6.420000076293945,7.630000114440918,19742800
7.650000095367432,9.600000381469727,6.710000038146973,9.569999694824219,7474900
9.109999656677246,9.600000381469727,8.704999923706055,9.569999694824219,564598
