Open,High,Low,Close,Volume
10.0,10.0,9.550000190734863,9.670000076293945,210400
9.670000076293945,10.319999694824219,9.65999984741211,9.920000076293945,11151100
9.90999984741211,9.949999809265137,9.84000015258789,9.850000381469727,1926800
9.869999885559082,9.920000076293945,9.84000015258789,9.869999885559082,2865300
9.869999885559082,9.899999618530273,9.84000015258789,9.859999656677246,803200
9.899999618530273,9.920000076293945,9.850000381469727,9.90999984741211,2043000
9.920000076293945,10.800000190734863,7.53000020980835,8.270000457763672,13046400
8.430000305175781,10.479999542236328,7.150000095367432,8.9399995803833,15152600
8.979999542236328,11.086000442504883,8.210000038146973,9.489999771118164,1887000
10.300000190734863,10.609999656677246,7.679999828338623,8.90999984741211,1873400
9.5,10.420000076293945,7.849999904632568,9.0,688200
8.880000114440918,9.430000305175781,7.650000095367432,8.09000015258789,266900
7.900000095367432,8.130000114440918,7.800000190734863,8.09000015258789,13984
