Open,High,Low,Close,Volume
50.060001373291016,96.51000213623047,49.02000045776367,58.18000030517578,69687600
59.709999084472656,69.87999725341797,56.70000076293945,58.70000076293945,22234300
59.06999969482422,59.209999084472656,44.11000061035156,49.720001220703125,24800500
50.2599983215332,72.55000305175781,46.60100173950195,50.290000915527344,23206100
52.4900016784668,77.48999786376953,51.0099983215332,69.2699966430664,28065400
71.37000274658203,137.3000030517578,62.310001373291016,122.5,97223500
126.05000305175781,188.3000030517578,111.05999755859375,145.25,107668900
148.0,171.55999755859375,113.55000305175781,125.79000091552734,52759200
127.0,132.8800048828125,80.0199966430664,93.12999725341797,80840600
96.0,100.56999969482422,78.7699966430664,90.4000015258789,34041800
90.91000366210938,92.75,58.83000183105469,90.47000122070312,61426000
91.0199966430664,113.70999908447266,86.58000183105469,109.41000366210938,39073600
110.20999908447266,115.8499984741211,80.76000213623047,87.05999755859375,24528300
88.01000213623047,91.3499984741211,66.4800033569336,75.54000091552734,35874900
76.18000030517578,81.677001953125,64.87000274658203,67.01000213623047,24610900
67.37999725341797,69.63999938964844,60.75,62.15999984741211,23565600
62.52000045776367,79.54000091552734,47.845001220703125,49.45000076293945,46602300
50.13999938964844,50.29999923706055,39.20000076293945,42.11000061035156,42431900
43.43000030517578,44.5,25.829999923706055,31.93000030517578,52417000
32.97999954223633,34.5,27.81999969482422,31.25,22797700
31.360000610351562,32.20000076293945,30.79599952697754,31.25,1178234
