Open,High,Low,Close,Volume
47.834999084472656,47.834999084472656,47.834999084472656,47.834999084472656,0
48.470001220703125,48.47999954223633,48.470001220703125,48.47999954223633,42
48.61000061035156,48.61000061035156,48.61000061035156,48.61000061035156,2
49.220001220703125,49.220001220703125,49.220001220703125,49.220001220703125,0
52.77000045776367,52.83000183105469,52.77000045776367,52.83000183105469,200
