Open,High,Low,Close,Volume
53.040000915527344,53.060001373291016,53.040000915527344,53.040000915527344,1
