Open,High,Low,Close,Volume
16.56999969482422,18.25,15.8100004196167,17.34000015258789,29010500
17.139999389648438,23.3700008392334,16.690000534057617,20.09000015258789,15488300
20.1200008392334,22.469999313354492,15.904999732971191,17.209999084472656,19688900
17.209999084472656,18.549999237060547,14.0,15.020000457763672,10202800
15.100000381469727,17.690000534057617,13.819999694824219,17.670000076293945,4053200
16.940000534057617,17.690000534057617,16.899999618530273,17.670000076293945,440157
