Open,High,Low,Close,Volume
16.56999969482422,18.020000457763672,16.549999237060547,17.200000762939453,14616200
17.15999984741211,17.739999771118164,16.600000381469727,16.959999084472656,8349300
16.81999969482422,17.799999237060547,15.8100004196167,17.18000030517578,2717100
17.190000534057617,18.25,16.75,17.34000015258789,3327900
17.139999389648438,19.579999923706055,16.690000534057617,19.399999618530273,3162800
19.399999618530273,21.040000915527344,19.059999465942383,19.760000228881836,3222800
19.6200008392334,20.5,19.100000381469727,20.43000030517578,2147800
20.309999465942383,23.3700008392334,19.399999618530273,22.139999389648438,2800000
22.489999771118164,23.170000076293945,18.06999969482422,19.309999465942383,6166700
19.520000457763672,22.469999313354492,18.770000457763672,20.309999465942383,3391900
20.170000076293945,20.739999771118164,16.260000228881836,16.610000610351562,10233300
16.25,18.1200008392334,15.904999732971191,18.079999923706055,2027200
18.149999618530273,18.551000595092773,16.899999618530273,17.209999084472656,2024700
17.209999084472656,18.549999237060547,16.1200008392334,16.5,2789300
16.3700008392334,17.799999237060547,16.010000228881836,17.450000762939453,2454400
17.280000686645508,17.479999542236328,15.25,15.260000228881836,2309500
15.020000457763672,16.260000228881836,14.0,14.850000381469727,2190700
14.430000305175781,15.734999656677246,13.819999694824219,14.609999656677246,1674400
14.539999961853027,17.1200008392334,14.46500015258789,16.350000381469727,1801700
16.270000457763672,17.690000534057617,15.979999542236328,17.670000076293945,1036000
16.940000534057617,17.690000534057617,16.899999618530273,17.670000076293945,440157
