Open,High,Low,Close,Volume
14.161783172989857,15.076799061555707,12.717901540913873,13.473420143127441,22094000.0
13.515394485983942,15.496531920875315,12.424089206894742,14.010679244995117,34237900.0
,,,,
14.190885967512667,18.679322970260284,13.895593720655421,15.903579711914062,17347000.0
16.06388157990715,18.265914566920223,15.540792316147389,17.46440887451172,15739100.0
17.70064242048001,21.083844599039942,17.05099975776011,19.18553924560547,29638200.0
,,,,
19.50481012415598,22.320286805016945,19.38608571056509,20.590295791625977,23902800.0
20.624216712322863,21.713941862852753,17.698496114139065,21.311124801635742,19152600.0
21.412891365537707,24.898316972735795,21.285686393796684,23.76194953918457,21388300.0
,,,,
23.858765215594772,24.522926794455074,21.457562163215172,23.049848556518555,11928400.0
22.964698209712598,27.954434685549497,21.082904983506424,22.61558723449707,27360700.0
,,,,
26.906050030595562,27.751527052218393,20.699257026232626,21.992340087890625,55205500.0
,,,,
22.040000915527344,23.040000915527344,20.459999084472656,21.3700008392334,23338100.0
21.43000030517578,26.458999633789062,20.549999237060547,25.850000381469727,67182900.0
25.850000381469727,25.850000381469727,25.530000686645508,25.790000915527344,36118900.0
25.75,25.799999237060547,25.489999771118164,25.649999618530273,51115300.0
25.65999984741211,25.979999542236328,25.649999618530273,25.84000015258789,14207300.0
25.81999969482422,25.850000381469727,25.790000915527344,25.84000015258789,1073752.0
