Open,High,Low,Close,Volume
21.850000381469727,24.489999771118164,19.65999984741211,20.84000015258789,14392400
20.790000915527344,22.100000381469727,17.68000030517578,19.190000534057617,19631400
19.040000915527344,19.270000457763672,17.200000762939453,18.25,24434400
18.239999771118164,19.209999084472656,16.75,18.34000015258789,11655200
18.329999923706055,19.523000717163086,15.699999809265137,16.059999465942383,17929000
16.329999923706055,19.81999969482422,15.670000076293945,18.209999084472656,30676300
18.3799991607666,19.100000381469727,15.170000076293945,17.200000762939453,17700900
16.950000762939453,17.75,16.240999221801758,17.0,9093800
17.100000381469727,17.34000015258789,16.8700008392334,17.0,885324
