Open,High,Low,Close,Volume
24.399999618530273,24.899999618530273,18.34000015258789,19.100000381469727,45604700
19.0,24.790000915527344,17.979999542236328,19.940000534057617,17700500
19.940000534057617,31.600000381469727,19.280000686645508,26.389999389648438,28396800
26.420000076293945,34.9900016784668,25.222000122070312,31.5,22977000
32.13999938964844,35.209999084472656,25.75,26.670000076293945,15253600
27.6200008392334,29.700000762939453,20.239999771118164,24.020000457763672,23812400
24.290000915527344,28.549999237060547,23.850000381469727,26.899999618530273,11768400
26.809999465942383,27.219999313354492,20.860000610351562,21.079999923706055,14498100
21.3700008392334,24.68000030517578,19.989999771118164,20.790000915527344,21755200
20.770000457763672,20.770000457763672,14.819999694824219,16.889999389648438,14415400
16.920000076293945,17.34000015258789,12.050000190734863,13.520000457763672,12822900
13.680000305175781,15.6899995803833,12.618000030517578,15.239999771118164,8485900
15.369999885559082,16.860000610351562,14.6899995803833,15.010000228881836,7017500
14.880000114440918,17.389999389648438,12.710000038146973,13.300000190734863,11066800
13.479999542236328,13.479999542236328,9.25,10.34000015258789,23976800
10.3100004196167,10.800000190734863,8.869999885559082,10.149999618530273,8702800
10.029999732971191,10.4399995803833,9.069999694824219,10.109999656677246,4853700
9.779999732971191,10.300000190734863,9.779999732971191,10.109999656677246,251783
