Open,High,Low,Close,Volume
9.899999618530273,10.074999809265137,9.779999732971191,9.970000267028809,583700
9.829999923706055,15.5,9.8100004196167,11.800000190734863,43255500
12.0,13.75,11.0600004196167,13.5,22396000
13.380000114440918,16.40999984741211,12.75,13.579999923706055,24060400
14.770000457763672,15.479999542236328,10.949999809265137,11.109999656677246,22348400
11.1899995803833,24.549999237060547,10.800000190734863,21.520000457763672,46155000
22.18000030517578,40.7400016784668,18.889999389648438,32.16999816894531,107916500
32.0,36.79999923706055,28.010000228881836,29.170000076293945,73911100
29.780000686645508,49.43000030517578,29.149999618530273,42.029998779296875,105688000
46.724998474121094,51.77000045776367,30.950000762939453,35.95000076293945,183807000
36.29999923706055,36.970001220703125,26.670000076293945,30.040000915527344,82169800
30.0,33.290000915527344,23.18000030517578,28.079999923706055,81681600
28.34000015258789,37.290000915527344,27.84000015258789,36.86000061035156,86258700
37.06999969482422,39.040000915527344,30.639999389648438,37.619998931884766,44546000
38.400001525878906,40.68000030517578,30.700000762939453,33.56999969482422,54892000
33.75,35.97999954223633,30.850000381469727,32.22999954223633,52889000
32.11000061035156,38.58000183105469,28.850000381469727,33.849998474121094,49573000
33.86000061035156,46.79999923706055,33.209999084472656,43.939998626708984,58545200
45.58000183105469,50.08100128173828,38.95000076293945,45.41999816894531,48866300
45.68000030517578,53.029998779296875,35.654998779296875,39.939998626708984,52648700
40.79999923706055,44.099998474121094,31.799999237060547,43.9900016784668,36611000
42.93000030517578,44.099998474121094,42.31999969482422,43.9900016784668,1533355
