Open,High,Low,Close,Volume
41.29999923706055,47.88999938964844,39.54999923706055,44.0,9682200
44.900001525878906,54.86000061035156,44.0,48.439998626708984,7373100
48.119998931884766,61.7599983215332,46.15999984741211,56.220001220703125,7014500
57.099998474121094,84.91000366210938,55.58000183105469,79.94000244140625,6690800
80.02999877929688,81.66000366210938,62.5,69.0199966430664,6646400
69.69999694824219,82.83000183105469,58.65999984741211,66.19999694824219,5859000
66.87999725341797,79.68000030517578,62.880001068115234,69.06999969482422,15255900
69.30999755859375,88.75,62.119998931884766,87.29000091552734,14864200
88.3499984741211,109.94999694824219,77.37000274658203,95.41999816894531,12196100
96.9800033569336,120.0,96.51000213623047,104.5999984741211,6653200
106.87000274658203,127.41999816894531,88.26000213623047,107.0,18186500
110.0,116.41000366210938,99.41999816894531,114.29000091552734,9977400
115.5,116.19999694824219,77.5199966430664,86.94999694824219,12808000
85.19999694824219,98.69999694824219,77.80999755859375,93.27999877929688,14175400
93.58000183105469,96.87999725341797,82.19000244140625,89.79000091552734,6279500
90.30999755859375,96.30999755859375,68.44000244140625,81.86000061035156,15155200
81.94000244140625,83.9800033569336,74.37000274658203,81.0999984741211,11967300
81.30999755859375,92.63999938964844,75.87000274658203,90.5199966430664,8581300
90.97000122070312,95.98999786376953,80.7699966430664,82.54000091552734,8766900
84.02999877929688,94.41000366210938,74.5,91.2699966430664,7533100
91.27999877929688,98.62000274658203,63.369998931884766,73.55999755859375,8525000
73.93000030517578,80.29000091552734,69.63999938964844,79.91999816894531,2689400
78.95999908447266,80.23999786376953,77.5,79.91999816894531,236312
