Open,High,Low,Close,Volume
27.649999618530273,66.66999816894531,22.299999237060547,23.520000457763672,114574600
24.200000762939453,45.0,23.049999237060547,27.600000381469727,66840300
27.719999313354492,61.29999923706055,27.079999923706055,61.29999923706055,27458400
64.0,69.18000030517578,41.5,45.65999984741211,37761300
47.380001068115234,94.80999755859375,44.54999923706055,75.77999877929688,27712300
70.98999786376953,87.94999694824219,43.29999923706055,45.27000045776367,45351100
45.310001373291016,52.599998474121094,32.20000076293945,41.45000076293945,43601100
43.470001220703125,64.0,29.25,33.54999923706055,76569500
33.43000030517578,33.71099853515625,19.049999237060547,25.0,47830500
25.84600067138672,34.5,24.540000915527344,32.04999923706055,34353200
32.08000183105469,32.77000045776367,24.799999237060547,28.350000381469727,15389000
28.389999389648438,30.70800018310547,21.110000610351562,24.65999984741211,23543000
24.440000534057617,25.969999313354492,21.719999313354492,22.5,12416400
22.799999237060547,24.100000381469727,21.350000381469727,22.649999618530273,9139200
22.700000762939453,28.597999572753906,18.299999237060547,20.6299991607666,26101000
20.709999084472656,21.0,13.899999618530273,14.539999961853027,20494000
14.829999923706055,16.358999252319336,9.399999618530273,11.350000381469727,16745500
11.449999809265137,12.199999809265137,9.859999656677246,10.579999923706055,5030600
10.6899995803833,10.770000457763672,10.210100173950195,10.579999923706055,389193
