Open,High,Low,Close,Volume
20.600000381469727,23.899999618530273,19.059999465942383,21.8799991607666,55848300
22.75,23.65999984741211,18.719999313354492,19.959999084472656,12347300
19.8799991607666,20.3799991607666,7.929999828338623,9.84000015258789,16940600
9.029999732971191,13.520000457763672,8.170000076293945,13.010000228881836,11328200
12.6899995803833,14.84000015258789,10.489999771118164,13.84000015258789,8516300
13.65999984741211,17.1200008392334,13.619999885559082,14.510000228881836,11544200
14.640000343322754,18.8700008392334,14.329999923706055,17.889999389648438,6820400
17.530000686645508,19.5,16.530000686645508,17.920000076293945,7960700
18.469999313354492,20.68000030517578,17.110000610351562,18.209999084472656,6261100
17.040000915527344,17.941999435424805,15.819999694824219,15.949999809265137,20701400
16.079999923706055,19.3700008392334,15.600000381469727,18.75,7428900
18.979999542236328,20.3799991607666,18.09000015258789,20.0,7031500
20.059999465942383,20.176000595092773,17.440000534057617,17.809999465942383,7241500
18.040000915527344,20.0,16.31999969482422,16.469999313354492,6757500
16.639999389648438,18.729999542236328,15.520000457763672,16.989999771118164,12859500
16.969999313354492,18.709999084472656,16.440000534057617,17.809999465942383,8870000
17.90999984741211,19.84000015258789,17.700000762939453,19.549999237060547,7684300
20.270000457763672,23.549999237060547,20.229999542236328,22.690000534057617,12584600
22.899999618530273,23.729999542236328,20.299999237060547,20.540000915527344,8143300
20.940000534057617,21.93000030517578,18.989999771118164,19.93000030517578,9272700
19.829999923706055,20.3700008392334,16.441999435424805,16.649999618530273,9930800
16.90999984741211,17.110000610351562,12.859999656677246,13.770000457763672,16919800
13.800000190734863,15.3100004196167,9.149999618530273,9.479999542236328,29158500
9.609999656677246,9.989999771118164,8.770000457763672,9.270000457763672,26848200
8.880000114440918,9.199999809265137,7.300000190734863,8.65999984741211,31960900
8.510000228881836,9.770000457763672,7.664999961853027,9.619999885559082,23094000
9.170000076293945,9.770000457763672,9.079999923706055,9.619999885559082,2862642
