Open,High,Low,Close,Volume
11.25,12.239999771118164,8.75,9.380000114440918,279476300
9.600000381469727,10.220000267028809,6.400000095367432,7.420000076293945,182607600
7.489999771118164,10.279999732971191,6.650000095367432,9.050000190734863,139036600
9.270000457763672,9.3100004196167,8.716300010681152,9.050000190734863,9461116
