Open,High,Low,Close,Volume
25.0,26.5,23.25,24.5,37102400
24.100000381469727,29.799999237060547,22.84000015258789,27.90999984741211,68966700
27.989999771118164,30.1299991607666,24.920000076293945,26.950000762939453,41011900
27.209999084472656,30.40999984741211,23.209999084472656,29.1299991607666,43001800
29.600000381469727,30.299999237060547,17.881999969482422,21.84000015258789,46444600
22.010000228881836,22.350000381469727,19.1299991607666,19.420000076293945,15567500
19.90999984741211,19.93000030517578,19.1299991607666,19.420000076293945,1320360
