Open,High,Low,Close,Volume
35.400001525878906,40.79999923706055,30.059999465942383,30.1299991607666,39201600
30.139999389648438,36.5,28.100000381469727,34.15999984741211,20160600
34.45000076293945,55.869998931884766,34.220001220703125,40.15999984741211,48331700
40.79999923706055,43.79999923706055,34.099998474121094,37.810001373291016,29281300
38.75,40.220001220703125,22.81999969482422,26.3700008392334,61182500
27.799999237060547,31.290000915527344,26.520000457763672,28.31999969482422,23372700
27.420000076293945,28.360000610351562,27.010099411010742,28.31999969482422,1155908
