Open,High,Low,Close,Volume
35.400001525878906,40.79999923706055,34.5,38.95000076293945,23886400
38.0,39.79999923706055,34.349998474121094,36.02000045776367,7906100
35.709999084472656,35.9900016784668,29.799999237060547,30.5,8471600
29.1200008392334,31.18000030517578,28.100000381469727,30.06999969482422,4656900
30.299999237060547,32.5,29.149999618530273,29.719999313354492,4757400
29.719999313354492,34.08000183105469,29.344999313354492,33.2599983215332,4474200
33.369998931884766,36.5,32.93000030517578,34.15999984741211,5209600
34.45000076293945,39.79999923706055,34.220001220703125,39.189998626708984,5415800
39.47999954223633,39.54999923706055,35.54999923706055,37.20000076293945,5326700
37.75,55.869998931884766,36.099998474121094,44.939998626708984,25871100
45.189998626708984,46.7400016784668,41.099998474121094,43.11000061035156,7963800
43.72999954223633,43.88999938964844,36.0099983215332,36.79999923706055,9949200
36.95000076293945,43.79999923706055,36.209999084472656,38.279998779296875,7171300
37.869998931884766,38.470001220703125,34.099998474121094,36.20000076293945,8509900
35.25,38.94900131225586,34.529998779296875,38.61000061035156,3558900
38.9900016784668,39.119998931884766,34.75,37.810001373291016,3846300
38.75,40.220001220703125,31.79599952697754,33.0,9505100
32.08000183105469,33.757999420166016,26.3799991607666,28.030000686645508,20724200
27.18000030517578,28.110000610351562,24.040000915527344,25.75,12614100
24.760000228881836,27.530000686645508,22.81999969482422,24.399999618530273,15900700
24.5,29.989999771118164,24.5,27.780000686645508,11542800
28.0,31.290000915527344,27.0,27.450000762939453,9865900
27.389999389648438,28.399999618530273,26.81999969482422,28.31999969482422,4402400
27.420000076293945,28.360000610351562,27.010099411010742,28.31999969482422,1155908
