Open,High,Low,Close,Volume
35.33000183105469,35.33000183105469,31.56999969482422,32.20000076293945,1052400.0
,,,,
32.189998626708984,35.75,31.607999801635742,33.560001373291016,7012500.0
33.31999969482422,36.83000183105469,31.34000015258789,36.540000915527344,6069400.0
36.540000915527344,40.540000915527344,34.790000915527344,37.939998626708984,6041900.0
38.06999969482422,42.5,29.709999084472656,30.56999969482422,5827000.0
30.959999084472656,33.11000061035156,20.31999969482422,29.670000076293945,10748200.0
28.059999465942383,36.470001220703125,26.40999984741211,32.459999084472656,6928000.0
31.579999923706055,34.040000915527344,28.90999984741211,31.079999923706055,6650800.0
31.40999984741211,36.38999938964844,30.18000030517578,34.040000915527344,9571200.0
33.97999954223633,37.84000015258789,32.709999084472656,37.81999969482422,5916600.0
37.9900016784668,39.470001220703125,31.219999313354492,31.239999771118164,6254400.0
31.209999084472656,33.20000076293945,28.079999923706055,29.780000686645508,7348600.0
29.979999542236328,35.595001220703125,29.979999542236328,32.06999969482422,3727300.0
32.70000076293945,45.099998474121094,32.25,44.209999084472656,5596700.0
45.0,49.11000061035156,44.40999984741211,47.54999923706055,6598400.0
48.2599983215332,59.869998931884766,47.34000015258789,54.04999923706055,5627400.0
54.970001220703125,66.94999694824219,54.75,62.459999084472656,8264600.0
63.63999938964844,67.7699966430664,52.165000915527344,65.70999908447266,10667300.0
67.47000122070312,72.55000305175781,65.11000061035156,68.5199966430664,7014600.0
69.56999969482422,72.80000305175781,56.560001373291016,71.7699966430664,7043500.0
72.5,75.61000061035156,67.58000183105469,73.04000091552734,7934900.0
72.77999877929688,73.4000015258789,62.150001525878906,70.08000183105469,4219400.0
70.75,79.44999694824219,65.0,74.12999725341797,7148900.0
74.80999755859375,79.98999786376953,71.26000213623047,72.25,5228700.0
72.9800033569336,79.51000213623047,69.51000213623047,79.20999908447266,3474800.0
79.23999786376953,96.05999755859375,78.7300033569336,94.16000366210938,6534000.0
96.55000305175781,103.77200317382812,88.41000366210938,101.2300033569336,7110000.0
102.0,106.08999633789062,80.0199966430664,91.54000091552734,8722700.0
92.25,97.93000030517578,85.83999633789062,92.06999969482422,4067200.0
90.20999908447266,92.63500213623047,89.68499755859375,92.06999969482422,205374.0
