Open,High,Low,Close,Volume
22.1200008392334,23.75,19.989999771118164,23.709999084472656,83901500
25.100000381469727,29.0,23.299999237060547,24.459999084472656,58526100
24.649999618530273,24.739999771118164,17.040000915527344,17.75,54841900
17.989999771118164,19.860000610351562,14.869999885559082,18.219999313354492,51429900
18.170000076293945,18.549999237060547,14.800000190734863,15.119999885559082,42933400
15.210000038146973,16.1299991607666,12.84000015258789,12.890000343322754,60167900
12.960000038146973,13.9399995803833,8.321000099182129,8.949999809265137,150923200
9.020000457763672,9.210000038146973,7.460000038146973,7.960000038146973,104892800
8.114999771118164,8.4399995803833,6.110000133514404,7.110000133514404,88945700
7.269999980926514,7.980000019073486,6.559999942779541,7.800000190734863,29367100
7.809999942779541,7.980000019073486,7.630000114440918,7.800000190734863,2217366
