Open,High,Low,Close,Volume
33.88999938964844,33.970001220703125,28.770000457763672,29.139999389648438,38877400
29.100000381469727,35.09000015258789,28.510000228881836,29.75,29752500
30.170000076293945,31.489999771118164,24.410999298095703,27.209999084472656,33438300
27.479999542236328,29.0,24.940000534057617,27.780000686645508,15636400
27.770000457763672,28.0,23.1299991607666,27.43000030517578,16751500
27.559999465942383,28.165000915527344,23.020000457763672,23.84000015258789,29929600
23.899999618530273,23.93000030517578,21.760000228881836,22.229999542236328,20691300
22.329999923706055,26.889999389648438,20.8799991607666,26.389999389648438,24573800
27.31999969482422,29.299999237060547,25.360000610351562,27.6299991607666,22610700
27.670000076293945,29.440000534057617,26.860000610351562,28.280000686645508,16828500
28.329999923706055,30.0,16.920000076293945,17.200000762939453,34680600
17.280000686645508,19.170000076293945,16.25,17.290000915527344,20560700
17.399999618530273,20.190000534057617,14.8100004196167,17.030000686645508,30803600
17.100000381469727,19.25,15.029999732971191,19.059999465942383,26396700
19.020000457763672,19.25,18.549999237060547,19.059999465942383,1619786
