Open,High,Low,Close,Volume
10.0,11.40999984741211,9.109999656677246,9.5,338584400
9.6899995803833,11.100000381469727,8.899999618530273,10.130000114440918,704629200
10.229999542236328,33.5,10.229999542236328,27.110000610351562,1655174000
28.09000015258789,31.239999771118164,21.149999618530273,23.549999237060547,1476607700
23.90999984741211,45.0,22.5,35.18000030517578,1244340400
35.33000183105469,39.220001220703125,22.700000762939453,23.899999618530273,2181517700
25.190000534057617,27.469999313354492,20.18000030517578,23.290000915527344,1805085500
23.950000762939453,26.200000762939453,21.239999771118164,23.040000915527344,1012475100
23.010000228881836,24.75,17.05500030517578,22.950000762939453,1460052600
23.190000534057617,27.5,22.360000610351562,26.360000610351562,1178021600
26.100000381469727,26.1299991607666,20.549999237060547,21.709999084472656,579290600
21.90999984741211,26.600000381469727,21.479999542236328,26.34000015258789,1090595100
26.459999084472656,29.290000915527344,23.8799991607666,24.040000915527344,1178636900
24.209999084472656,26.75,23.020000457763672,25.8799991607666,750344500
26.110000610351562,27.110000610351562,20.049999237060547,20.649999618530273,885835000
20.530000686645508,20.889999389648438,17.809999465942383,18.209999084472656,780968100
18.360000610351562,18.84000015258789,11.75,13.710000038146973,1057036300
14.229999542236328,14.369999885559082,12.265000343322754,13.970000267028809,543055500
13.90999984741211,14.260000228881836,13.65999984741211,13.970000267028809,57481942
