Open,High,Low,Close,Volume
15.109999656677246,15.920000076293945,8.8100004196167,9.0,5503900
9.069999694824219,11.0,7.630000114440918,9.109999656677246,3675600
9.229999542236328,10.270000457763672,7.710000038146973,9.229999542236328,1003900
9.220000267028809,9.75,8.050000190734863,9.020000457763672,2105600
9.020000457763672,9.5600004196167,4.989999771118164,4.989999771118164,1332200
5.179999828338623,5.349999904632568,3.640000104904175,4.010000228881836,3662000
3.678999900817871,7.550000190734863,3.0799999237060547,5.309999942779541,37141900
5.510000228881836,7.860000133514404,4.760000228881836,6.880000114440918,14004200
6.860000133514404,7.25,5.25,5.46999979019165,9306400
5.460000038146973,5.800000190734863,3.5999999046325684,4.760000228881836,9893500
4.800000190734863,5.130000114440918,2.930000066757202,3.1600000858306885,7799900
3.190000057220459,3.549999952316284,2.109999895095825,2.5899999141693115,12782900
2.690000057220459,3.950000047683716,2.0399999618530273,3.569999933242798,90982600
3.549999952316284,3.569999933242798,2.180000066757202,2.25,38155300
2.200000047683716,2.2049999237060547,0.6570000052452087,0.8899999856948853,168406200
0.9290000200271606,1.5800000429153442,0.8629999756813049,1.5199999809265137,382149600
1.8899999856948853,4.429999828338623,1.2100000381469727,3.5999999046325684,3178065400
3.5799999237060547,6.199999809265137,2.8499999046325684,3.130000114440918,1515742800
3.2100000381469727,3.2300000190734863,1.7899999618530273,2.0899999141693115,453004600
2.0899999141693115,2.309999942779541,1.1100000143051147,1.4299999475479126,225037000
1.4600000381469727,2.109999895095825,1.4199999570846558,1.7799999713897705,130167800
1.8652000427246094,1.8700000047683716,1.7300000190734863,1.7799999713897705,8524057
