Open,High,Low,Close,Volume
18.5,18.899999618530273,17.56999969482422,18.450000762939453,8306200
18.68000030517578,35.68000030517578,18.510000228881836,34.5,15935800
34.75,36.560001373291016,24.31999969482422,24.610000610351562,26841800
24.530000686645508,25.284000396728516,22.549999237060547,23.110000610351562,9481500
23.149999618530273,26.489999771118164,18.510000228881836,20.049999237060547,15039300
20.139999389648438,21.350000381469727,15.720000267028809,16.469999313354492,12579500
16.6299991607666,17.479999542236328,12.350000381469727,16.3799991607666,11427900
16.420000076293945,19.110000610351562,15.729999542236328,17.479999542236328,4995100
17.850000381469727,18.020000457763672,17.329999923706055,17.479999542236328,302530
