Open,High,Low,Close,Volume
28.0,30.2450008392334,24.0,27.5,17558400
27.860000610351562,39.707000732421875,27.354000091552734,36.95000076293945,7556600
37.369998931884766,38.569000244140625,28.059999465942383,35.15999984741211,10370600
35.119998931884766,37.41999816894531,30.739999771118164,32.439998626708984,14801500
32.52000045776367,36.349998474121094,28.040000915527344,29.440000534057617,9308600
29.93000030517578,32.119998931884766,25.469999313354492,28.809999465942383,10927400
29.0,29.280000686645508,22.760000228881836,25.940000534057617,12477900
25.610000610351562,28.010000228881836,24.290000915527344,27.540000915527344,7142700
27.780000686645508,27.780000686645508,26.7549991607666,27.540000915527344,235516
