Open,High,Low,Close,Volume
7.139999866485596,7.139999866485596,7.139999866485596,7.139999866485596,0
7.159999847412109,7.159999847412109,7.159999847412109,7.159999847412109,507
7.159999847412109,7.159999847412109,7.159999847412109,7.159999847412109,1434
7.510000228881836,7.510000228881836,7.510000228881836,7.510000228881836,5
7.440000057220459,7.440000057220459,7.440000057220459,7.440000057220459,189
7.03000020980835,7.03000020980835,7.03000020980835,7.03000020980835,174
6.96999979019165,6.96999979019165,6.929999828338623,6.940000057220459,710
6.94,6.94,6.94,6.94,140
