Open,High,Low,Close,Volume
26.539178779165898,28.430697546795766,26.153154728701423,27.552492141723633,26201800.0
27.21472120988207,30.872301479484943,26.53917776680749,27.842010498046875,20123800.0
28.17978180770825,29.27995075366206,20.854968703872284,28.150829315185547,23127500.0
,,,,
27.630958450445373,33.18433586260327,26.30572116394065,31.485313415527344,14488400.0
33.281424531422616,34.873650840109875,30.9707545992597,32.41735076904297,10807400.0
32.33967555332457,34.951314077495006,29.562987231262763,33.72801971435547,18098800.0
33.873649198969304,34.68918003856814,31.582395711354735,33.06782913208008,10519000.0
33.495017934128455,34.383364950804754,29.961051417128715,32.26201248168945,13738700.0
,,,,
32.54868580931651,32.890791358634715,29.489305581048093,29.929153442382812,8912900.0
30.10508873452353,31.33177443106307,27.2216478412055,27.602848052978516,9171700.0
27.81788535925574,31.05320657159634,26.947966111628098,29.65546989440918,10364200.0
,,,,
30.058654578958425,30.66928149420497,29.073770760868175,29.58591079711914,10153900.0
30.166990489294278,31.70340871788721,27.936229244830972,29.5465145111084,9213000.0
29.595757321907325,30.52154861624194,26.85778157095296,27.192642211914062,12501300.0
,,,,
27.526687969568624,30.703226878977926,27.07006151902434,29.56165885925293,10355600.0
29.46239120220503,30.86205315208246,28.88664374688924,29.105030059814453,10884600.0
29.16458976155181,31.824942631564838,28.995836098305755,29.919017791748047,12572300.0
,,,,
30.229999542236328,30.90999984741211,29.239999771118164,30.350000381469727,9740200.0
30.360000610351562,30.600000381469727,28.399999618530273,28.450000762939453,7267800.0
28.530000686645508,30.209999084472656,26.5,28.280000686645508,9944800.0
28.299999237060547,28.5,27.209999084472656,27.34000015258789,8306600.0
27.440000534057617,28.59000015258789,26.809999465942383,26.979999542236328,8261000.0
26.979999542236328,30.450000762939453,26.979999542236328,29.18000030517578,7148400.0
29.280000686645508,31.5,29.06999969482422,31.399999618530273,9354500.0
31.270000457763672,32.290000915527344,29.610000610351562,30.270000457763672,8071500.0
30.309999465942383,30.579999923706055,27.739999771118164,29.239999771118164,8575600.0
28.979999542236328,29.440000534057617,28.979999542236328,29.239999771118164,414144.0
