Open,High,Low,Close,Volume
,,,,
28.979999542236328,29.440000534057617,28.979999542236328,29.239999771118164,414144.0
