Open,High,Low,Close,Volume
106.75,135.1999969482422,95.19999694824219,129.9499969482422,237785200
130.8000030517578,179.47000122070312,120.1500015258789,128.60000610351562,343867500
123.87999725341797,124.93000030517578,106.13999938964844,112.12999725341797,87372200
115.8499984741211,126.75,100.0,104.66999816894531,72056500
106.36000061035156,123.4000015258789,100.31999969482422,114.66000366210938,61526300
118.13999938964844,121.63999938964844,92.62000274658203,97.69999694824219,91706200
94.80000305175781,98.9000015258789,88.4000015258789,96.83999633789062,43302000
96.9000015258789,107.48999786376953,96.62000274658203,103.69000244140625,49762800
106.13999938964844,106.80000305175781,75.12999725341797,86.27999877929688,96468900
83.5199966430664,88.06999969482422,77.01000213623047,79.94999694824219,81153000
77.5250015258789,77.83999633789062,60.5099983215332,64.51000213623047,69859500
60.11000061035156,68.06999969482422,50.0,57.119998931884766,111748700
58.650001525878906,71.45999908447266,57.91999816894531,60.869998931884766,93122200
60.875,68.9800033569336,56.439998626708984,58.849998474121094,73131300
60.36000061035156,67.18000030517578,59.900001525878906,66.25,55787600
65.37000274658203,66.43000030517578,63.349998474121094,66.25,12704487
