Open,High,Low,Close,Volume
106.75,179.47000122070312,95.19999694824219,119.76000213623047,703153700
120.54000091552734,126.75,88.4000015258789,103.69000244140625,284225000
106.13999938964844,106.80000305175781,50.0,65.73999786376953,377915000
67.27999877929688,71.45999908447266,56.439998626708984,66.25,203356200
65.37000274658203,66.43000030517578,63.349998474121094,66.25,12704487
