Open,High,Low,Close,Volume
10.5,10.5,9.75,10.170000076293945,1482000
10.180000305175781,10.869999885559082,10.0,10.319999694824219,4910100
10.350000381469727,10.729999542236328,10.100000381469727,10.199999809265137,4356800
10.300000190734863,10.319999694824219,9.609999656677246,9.779999732971191,5216800
9.8149995803833,9.949999809265137,9.699999809265137,9.859999656677246,1496300
10.0,10.010000228881836,9.800000190734863,9.850000381469727,18834100
9.869999885559082,9.960000038146973,9.84000015258789,9.890000343322754,8154100
9.899999618530273,9.920000076293945,9.890000343322754,9.90999984741211,1103800
9.899999618530273,9.949999809265137,9.84000015258789,9.949999809265137,4781100
9.949999809265137,10.579999923706055,9.319999694824219,9.350000381469727,10795100
9.5,9.989999771118164,5.800000190734863,7.940000057220459,10779000
8.289999961853027,8.5,6.550000190734863,6.630000114440918,8398400
7.519999980926514,16.760000228881836,7.099999904632568,10.079999923706055,32358000
10.3100004196167,10.3100004196167,6.519999980926514,6.949999809265137,6599100
6.900000095367432,7.440000057220459,6.550000190734863,7.21999979019165,3097400
7.269999980926514,7.269999980926514,7.019999980926514,7.21999979019165,101156
