Open,High,Low,Close,Volume
43.332602870522415,55.64300141328446,41.36293910368048,47.8135871887207,69145700.0
47.80373936528244,48.138582347810456,39.294792699670985,42.397010803222656,26614100.0
42.28867747631111,46.4348223405681,40.36825841107359,40.752342224121094,18305600.0
41.06749039038811,42.81064327912365,37.95542178144555,41.43187713623047,24084700.0
,,,,
42.048467040441224,44.46084336728962,34.40598784214477,36.28447723388672,39121600.0
38.103642589022705,42.898728318788756,36.63051103571055,42.117671966552734,38923800.0
,,,,
42.20393227969366,49.89451503435024,40.834515108260156,49.66627883911133,63884900.0
49.61665983277815,52.82189560372153,45.7068684007175,46.64958190917969,65928400.0
47.483144642051336,49.78535748618407,44.664918052102514,46.21295928955078,34099600.0
,,,,
47.85331089509846,48.55044626799377,39.46777922990901,43.441444396972656,104143800.0
43.92943939912815,45.423299253739636,40.28442150583941,43.819889068603516,25806700.0
43.99915463154005,44.38755760421585,39.149090471754846,39.955772399902344,30706900.0
,,,,
40.2400016784668,47.099998474121094,39.83000183105469,40.9900016784668,59862500.0
40.9900016784668,42.88999938964844,37.79999923706055,38.20000076293945,42495000.0
38.33000183105469,40.029998779296875,35.54999923706055,38.650001525878906,46574000.0
38.63999938964844,40.0099983215332,36.05500030517578,36.13999938964844,69097000.0
36.2400016784668,39.709999084472656,34.86000061035156,39.529998779296875,29489100.0
39.40999984741211,43.68000030517578,37.83000183105469,39.77000045776367,61817100.0
40.209999084472656,40.720001220703125,36.58000183105469,39.849998474121094,38626500.0
40.099998474121094,42.619998931884766,37.529998779296875,40.0099983215332,35875800.0
40.0099983215332,41.220001220703125,39.040000915527344,40.5,19764800.0
40.38999938964844,40.900001525878906,40.01750183105469,40.5,1665527.0
