Open,High,Low,Close,Volume
25.600000381469727,30.0,25.56999969482422,29.5,30210200
29.700000762939453,33.54999923706055,28.020000457763672,32.90999984741211,10531700
32.75,35.42300033569336,30.729999542236328,33.869998931884766,13428500
33.779998779296875,38.79999923706055,32.150001525878906,37.790000915527344,8660200
37.86000061035156,41.13999938964844,36.58000183105469,38.27000045776367,8166400
38.59000015258789,40.91999816894531,37.03099822998047,40.349998474121094,9076400
40.27000045776367,40.4900016784668,34.16999816894531,37.40999984741211,9317300
37.650001525878906,40.54999923706055,36.58000183105469,39.58000183105469,3971600
39.5099983215332,40.355499267578125,39.4900016784668,39.58000183105469,275908
