Open,High,Low,Close,Volume
52.0,56.20000076293945,43.22999954223633,53.0,14256500
51.52000045776367,51.79999923706055,37.5,40.04999923706055,6010600
40.939998626708984,44.220001220703125,24.329999923706055,24.81999969482422,9203900
25.600000381469727,34.4900016784668,24.65999984741211,31.940000534057617,6790200
32.70000076293945,33.849998474121094,27.389999389648438,27.950000762939453,4845900
26.81999969482422,32.4900016784668,26.059999465942383,31.360000610351562,3074300
31.170000076293945,36.33000183105469,29.649999618530273,32.0,3666200
32.65999984741211,32.77000045776367,24.889999389648438,27.049999237060547,5563600
26.530000686645508,28.90999984741211,25.520000457763672,26.209999084472656,3453700
25.299999237060547,27.350000381469727,22.809999465942383,24.549999237060547,4110000
23.219999313354492,33.2400016784668,21.299999237060547,29.200000762939453,7316000
29.0,32.400001525878906,25.309999465942383,26.799999237060547,3447300
26.719999313354492,33.2599983215332,26.049999237060547,27.350000381469727,2815200
27.549999237060547,29.40999984741211,26.75,27.799999237060547,1674000
27.690000534057617,28.170000076293945,26.799999237060547,27.799999237060547,645012
