Open,High,Low,Close,Volume
52.0,56.20000076293945,37.5,38.18000030517578,21251200
38.5,38.900001525878906,24.329999923706055,32.0,26596400
32.65999984741211,33.2400016784668,21.299999237060547,30.25,21049400
30.56999969482422,33.2599983215332,25.309999465942383,27.799999237060547,7330400
27.690000534057617,28.170000076293945,26.799999237060547,27.799999237060547,645012
