Open,High,Low,Close,Volume
27.0,29.0,24.049999237060547,27.059999465942383,34845300
27.18000030517578,28.489999771118164,24.559999465942383,27.440000534057617,18711500
27.549999237060547,27.889999389648438,24.360000610351562,26.09000015258789,18836900
25.760000228881836,28.6200008392334,25.600000381469727,26.149999618530273,8653300
26.399999618530273,30.3799991607666,23.84000015258789,24.959999084472656,57696400
25.209999084472656,26.489999771118164,24.690000534057617,25.760000228881836,21401700
25.8700008392334,25.8700008392334,21.209999084472656,24.100000381469727,23697100
24.350000381469727,25.729999542236328,22.969999313354492,24.229999542236328,24701200
25.219999313354492,25.219999313354492,21.950000762939453,23.700000762939453,10682400
23.84000015258789,25.5,22.06999969482422,24.459999084472656,12281500
24.43000030517578,26.864999771118164,24.18000030517578,26.149999618530273,16190400
26.149999618530273,26.614999771118164,24.530000686645508,24.700000762939453,8631900
24.770000457763672,27.3799991607666,20.8700008392334,21.34000015258789,23243900
21.540000915527344,23.989999771118164,20.479999542236328,23.549999237060547,12661900
23.540000915527344,23.829999923706055,19.385000228881836,21.510000228881836,9428500
21.770000457763672,23.360000610351562,20.84000015258789,22.280000686645508,6142000
22.420000076293945,22.450000762939453,22.1200008392334,22.280000686645508,525571
