Open,High,Low,Close,Volume
12.59000015258789,26.969999313354492,11.800000190734863,25.139999389648438,281951900
25.850000381469727,28.260000228881836,16.84000015258789,18.43000030517578,152508000
19.739999771118164,19.850000381469727,13.140000343322754,17.149999618530273,125574500
17.510000228881836,18.639999389648438,14.699999809265137,17.0,50779300
17.0,21.799999237060547,14.140000343322754,20.149999618530273,84515200
21.974000930786133,24.950000762939453,17.649999618530273,19.170000076293945,308613400
19.229999542236328,19.239999771118164,14.720000267028809,15.4399995803833,338371000
15.579999923706055,17.520000457763672,13.5600004196167,14.180000305175781,445703100
14.142999649047852,18.079999923706055,14.109999656677246,15.880000114440918,583870600
15.880000114440918,21.774999618530273,15.75,20.09000015258789,527274800
20.530000686645508,24.649999618530273,17.1299991607666,17.200000762939453,687450200
17.41200065612793,17.90999984741211,13.65999984741211,15.8100004196167,717994300
16.100000381469727,16.469999313354492,10.510000228881836,12.479999542236328,1491201200
12.682000160217285,13.550000190734863,11.15999984741211,13.079999923706055,699485800
12.609999656677246,13.279999732971191,12.604599952697754,13.079999923706055,58488156
