Open,High,Low,Close,Volume
27.0,28.219999313354492,22.0,22.6299991607666,27160500
22.809999465942383,24.959999084472656,19.780000686645508,20.899999618530273,9820300
21.729999542236328,24.540000915527344,15.670000076293945,16.110000610351562,7843800
16.219999313354492,19.40999984741211,13.979999542236328,17.56999969482422,12997600
17.8700008392334,19.479999542236328,11.3100004196167,13.399999618530273,6681000
13.5,14.819999694824219,11.15999984741211,13.579999923706055,4110900
13.970000267028809,14.050000190734863,13.140000343322754,13.579999923706055,239962
