Open,High,Low,Close,Volume
33.099998474121094,33.599998474121094,28.0,29.1299991607666,26866500
29.760000228881836,30.239999771118164,26.920000076293945,27.979999542236328,3571000
28.09000015258789,30.709999084472656,27.34000015258789,30.229999542236328,1698800
30.31999969482422,31.700000762939453,28.55900001525879,31.040000915527344,2924800
31.389999389648438,32.439998626708984,29.6299991607666,31.110000610351562,4222500
30.88800048828125,32.90999984741211,27.40999984741211,31.229999542236328,4930300
31.639999389648438,34.75199890136719,28.979999542236328,33.439998626708984,4034800
33.349998474121094,37.27000045776367,33.1349983215332,35.0099983215332,8239400
35.650001525878906,39.90999984741211,34.119998931884766,38.13999938964844,3209500
38.119998931884766,39.0099983215332,33.52000045776367,34.959999084472656,3832700
35.5,35.5,30.06999969482422,33.060001373291016,2439300
33.060001373291016,34.45000076293945,25.959999084472656,28.399999618530273,2580600
28.450000762939453,29.860000610351562,25.260000228881836,26.18000030517578,2382400
25.81999969482422,26.329999923706055,25.59000015258789,26.18000030517578,91503
