Open,High,Low,Close,Volume
11.053999900817871,15.390000343322754,4.090000152587891,4.570000171661377,235188700
4.800000190734863,5.300000190734863,2.8399999141693115,2.890000104904175,119738100
2.890000104904175,3.990000009536743,2.859999895095825,3.049999952316284,67882300
3.0999999046325684,3.0999999046325684,1.659999966621399,2.0799999237060547,49691900
2.119999885559082,2.119999885559082,1.149999976158142,1.5199999809265137,30292300
1.5800000429153442,1.850000023841858,1.3020000457763672,1.7300000190734863,9115700
1.7200000286102295,1.8494000434875488,1.6699999570846558,1.7300000190734863,987720
