Open,High,Low,Close,Volume
65.26000213623047,65.98999786376953,49.0,49.95000076293945,32143700
50.09000015258789,58.45000076293945,48.650001525878906,53.220001220703125,21719200
54.540000915527344,69.93000030517578,39.77000045776367,39.9900016784668,64912100
41.220001220703125,41.400001525878906,30.690000534057617,34.709999084472656,69672100
34.900001525878906,35.54999923706055,18.719999313354492,22.8799991607666,77426000
23.8700008392334,30.600000381469727,21.559999465942383,23.0,52217400
22.950000762939453,24.399999618530273,22.100000381469727,23.0,12345847
