Open,High,Low,Close,Volume
33.0,35.400001525878906,30.1200008392334,33.56999969482422,34053800
33.5,35.060001373291016,29.610000610351562,31.459999084472656,7082400
31.25,31.56999969482422,30.280000686645508,31.459999084472656,389710
