Open,High,Low,Close,Volume
33.0,34.9900016784668,32.349998474121094,32.790000915527344,17957500
32.459999084472656,35.400001525878906,32.25,33.380001068115234,10512400
32.75,33.400001525878906,30.1200008392334,32.83000183105469,4917600
32.650001525878906,35.060001373291016,32.119998931884766,33.08000183105469,2714700
33.29999923706055,34.029998779296875,30.549999237060547,30.989999771118164,3472400
30.90999984741211,31.56999969482422,29.610000610351562,31.459999084472656,1561600
31.25,31.56999969482422,30.280000686645508,31.459999084472656,389710
