Open,High,Low,Close,Volume
40.47999954223633,41.5,32.130001068115234,38.43000030517578,50787400
38.93000030517578,39.36000061035156,34.099998474121094,38.34000015258789,13390500
38.79999923706055,79.83899688720703,36.75,71.23999786376953,37205600
71.51000213623047,73.88999938964844,36.5,36.79999923706055,22147300
37.5,50.29999923706055,27.239999771118164,41.86000061035156,76420700
41.59000015258789,46.645999908447266,34.84000015258789,37.130001068115234,39288100
37.189998626708984,40.08000183105469,33.349998474121094,39.119998931884766,24956300
39.560001373291016,43.790000915527344,35.16999816894531,39.9900016784668,27121400
40.02000045776367,42.63999938964844,30.600000381469727,35.849998474121094,44407300
36.40299987792969,37.2400016784668,14.920000076293945,18.760000228881836,55675800
19.59000015258789,20.280000686645508,15.0,16.889999389648438,38324100
17.579999923706055,18.020000457763672,16.670000076293945,16.889999389648438,1862202
