Open,High,Low,Close,Volume
25.299999237060547,25.860000610351562,17.584999084472656,21.139999389648438,35519500
21.989999771118164,24.0,17.100000381469727,19.389999389648438,20720800
19.299999237060547,26.649999618530273,15.699999809265137,23.860000610351562,16263100
24.290000915527344,26.350000381469727,19.8700008392334,24.5,18748900
24.860000610351562,25.75,15.880000114440918,19.8799991607666,25994600
20.510000228881836,21.280000686645508,9.460000038146973,10.430000305175781,40792900
10.619999885559082,13.399999618530273,8.725000381469727,9.069999694824219,47155300
9.100000381469727,9.65999984741211,6.480000019073486,6.480000019073486,49613000
6.650000095367432,7.03000020980835,4.880000114440918,5.829999923706055,47431100
5.829999923706055,7.409999847412109,5.284999847412109,6.25,64564200
6.25,6.349999904632568,4.489999771118164,5.550000190734863,39219600
5.480000019073486,6.699999809265137,5.130000114440918,6.28000020980835,14828000
6.400000095367432,6.429999828338623,6.170000076293945,6.28000020980835,905960
