Open,High,Low,Close,Volume
26.0,34.43000030517578,25.1200008392334,28.709999084472656,26738400
29.030000686645508,31.90999984741211,24.34000015258789,28.889999389648438,8210200
28.770000457763672,33.689998626708984,27.010000228881836,29.200000762939453,9132900
29.639999389648438,30.3799991607666,24.139999389648438,26.809999465942383,17237100
26.690000534057617,27.950000762939453,18.264999389648438,21.420000076293945,8835400
21.510000228881836,24.65999984741211,21.200000762939453,23.18000030517578,3914500
23.06999969482422,23.225000381469727,22.489999771118164,23.18000030517578,559893
