Open,High,Low,Close,Volume
54.0,63.375,46.619998931884766,50.400001525878906,14129700
50.5099983215332,59.099998474121094,45.11000061035156,58.0,5148300
58.4900016784668,68.36399841308594,51.154998779296875,64.88999938964844,3629400
65.94000244140625,88.9800033569336,56.470001220703125,76.25,6148300
76.91000366210938,108.35900115966797,70.58000183105469,91.38999938964844,5064700
91.25,96.66400146484375,70.02999877929688,79.69999694824219,5684800
80.44000244140625,81.4800033569336,48.779998779296875,62.31999969482422,17305200
59.79999923706055,82.4000015258789,56.810001373291016,79.87000274658203,13069400
78.51000213623047,85.12000274658203,72.04000091552734,77.97000122070312,15140900
77.9800033569336,91.5,76.59500122070312,89.30999755859375,26692400
89.08000183105469,99.47000122070312,85.73999786376953,98.37000274658203,12486100
99.0,115.70999908447266,92.54000091552734,114.62000274658203,11559100
115.25,126.66899871826172,100.44999694824219,124.68000030517578,22200600
126.87999725341797,166.30999755859375,123.33599853515625,136.89999389648438,15248000
137.5,157.47999572753906,125.83999633789062,153.11000061035156,17835100
152.24000549316406,162.77000427246094,140.7899932861328,141.60000610351562,15809100
141.61000061035156,191.24000549316406,137.77099609375,171.14999389648438,16501500
175.44000244140625,201.6999969482422,165.3300018310547,177.99000549316406,11824400
179.3800048828125,193.82000732421875,140.55599975585938,181.0,19285700
181.55999755859375,203.25,176.52000427246094,197.8000030517578,13129200
198.08999633789062,198.52000427246094,128.14999389648438,180.0,22373600
180.0,208.99000549316406,170.8800048828125,195.82000732421875,20761900
195.82000732421875,197.08999633789062,166.0,183.22999572753906,9590600
184.99000549316406,187.47999572753906,153.3000030517578,175.9199981689453,13440700
176.38999938964844,191.1529998779297,144.72999572753906,145.5800018310547,13827000
145.0,170.47000122070312,137.3699951171875,161.27000427246094,11759300
161.52000427246094,187.85000610351562,139.77000427246094,152.80999755859375,17353800
156.0,157.73500061035156,129.0,148.9600067138672,14535100
148.66000366210938,149.99899291992188,81.54000091552734,96.2699966430664,26038600
98.16000366210938,100.0,87.58300018310547,94.9800033569336,10356700
94.02999877929688,95.45999908447266,91.16999816894531,94.9800033569336,1422568
