Open,High,Low,Close,Volume
18.649999618530273,22.0,18.260000228881836,21.040000915527344,34574900
21.190000534057617,21.690000534057617,18.600000381469727,21.31999969482422,9532100
21.770000457763672,22.700000762939453,16.350000381469727,17.040000915527344,21573100
17.110000610351562,17.540000915527344,13.710000038146973,14.739999771118164,12194600
14.829999923706055,16.59000015258789,14.149999618530273,15.329999923706055,10006100
15.329999923706055,17.15999984741211,14.100000381469727,15.789999961853027,9856200
16.309999465942383,17.5,15.399999618530273,15.649999618530273,7253000
15.75,17.5,13.229999542236328,13.350000381469727,10029200
13.800000190734863,14.585000038146973,12.619999885559082,13.569999694824219,15686300
13.729999542236328,14.699999809265137,11.729999542236328,13.079999923706055,7209300
13.199999809265137,14.739999771118164,12.029999732971191,13.850000381469727,39502500
14.100000381469727,14.319999694824219,13.850000381469727,13.850000381469727,1212773
