Open,High,Low,Close,Volume
10.989999771118164,11.0,6.900000095367432,8.319999694824219,8869800
8.609999656677246,8.744999885559082,5.869999885559082,6.050000190734863,10110400
6.050000190734863,8.300000190734863,5.559999942779541,8.109999656677246,8933700
7.730000019073486,8.300000190734863,7.525000095367432,8.109999656677246,2165600
