Open,High,Low,Close,Volume
25.559999465942383,26.5,21.110000610351562,23.559999465942383,19206400
23.579999923706055,29.690000534057617,22.799999237060547,25.610000610351562,11402800
25.610000610351562,26.459999084472656,21.31999969482422,23.0,9622200
23.25,27.7450008392334,22.975000381469727,24.239999771118164,8048100
24.479999542236328,29.559999465942383,23.860000610351562,25.239999771118164,6246600
25.329999923706055,37.68000030517578,24.959999084472656,34.849998474121094,6456400
34.880001068115234,35.709999084472656,29.295000076293945,32.849998474121094,7910500
32.880001068115234,39.709999084472656,30.739999771118164,30.75,3407900
31.829999923706055,33.56999969482422,21.649999618530273,21.979999542236328,8993600
22.479999542236328,23.850000381469727,19.385000228881836,20.43000030517578,5772100
20.479999542236328,20.739999771118164,16.059999465942383,19.209999084472656,6997000
19.360000610351562,22.6200008392334,17.540000915527344,21.940000534057617,5700800
21.950000762939453,22.280000686645508,17.639999389648438,18.899999618530273,2862700
19.190000534057617,22.8799991607666,17.809999465942383,20.700000762939453,3214100
20.799999237060547,21.06999969482422,17.610000610351562,19.219999313354492,8396000
19.260000228881836,21.040000915527344,17.75,20.81999969482422,4820400
21.450000762939453,22.280000686645508,17.649999618530273,18.280000686645508,4530000
18.899999618530273,19.0,15.819999694824219,15.869999885559082,3423700
16.020000457763672,16.969999313354492,12.640000343322754,14.510000228881836,3803100
14.510000228881836,14.640000343322754,12.90999984741211,13.949999809265137,1392600
14.050000190734863,14.140000343322754,13.4399995803833,13.949999809265137,80314
