Open,High,Low,Close,Volume
41.38668848055133,44.302050533730316,37.58528876033211,42.74909591674805,1255100.0
,,,,
43.44739798778954,44.922464825932565,36.00501929045053,36.37857437133789,1216500.0
36.34025642717776,38.17930141800026,26.474557243651365,28.735048294067383,2066200.0
28.687158144798996,28.687158144798996,12.566794724176114,17.078197479248047,4195700.0
,,,,
16.689207730390898,21.564162996987985,15.128834920427623,19.024921417236328,2983700.0
18.869852779702157,26.16774745865046,16.66013306626986,23.773883819580078,2058600.0
23.919259803436123,30.858558605101734,23.39590396742006,24.810901641845703,3331300.0
,,,,
25.138805479502107,27.357280199830168,23.299856851113056,27.134258270263672,1767300.0
27.14403835531843,30.98822138306994,26.45932312800381,29.87311553955078,1639600.0
29.55032139977619,33.16952745862293,29.354689799597367,29.628576278686523,1286600.0
,,,,
29.90330852509559,31.565042294354576,28.33619366423,29.430217742919922,935200.0
29.52877994945893,36.19148427651199,29.065545412591593,35.95493698120117,862500.0
36.378747959154495,37.80294952827889,34.61155563415245,37.27565002441406,1081400.0
,,,,
37.86886161213294,58.21705311907855,36.423359456162,48.27610397338867,2228200.0
48.49436687905226,67.23533160363993,48.31578666942068,63.753028869628906,2366400.0
64.54671347840662,100.80141055615688,40.45826922275005,46.797855377197266,10527400.0
,,,,
47.75416065732296,49.05745265818656,41.47647692132155,44.968502044677734,5440800.0
45.69476315305224,47.39998535199171,42.28332442332122,46.301639556884766,2167800.0
46.759284102979656,50.931804293271945,42.97874699836646,48.20185852050781,2260400.0
,,,,
48.56999969482422,48.970001220703125,42.7599983215332,44.529998779296875,1388400.0
44.880001068115234,46.70000076293945,41.76900100708008,45.97999954223633,1723600.0
46.20000076293945,46.39400100708008,42.0,42.06999969482422,1088900.0
42.380001068115234,43.959999084472656,38.5,38.93000030517578,1021300.0
39.2400016784668,40.9900016784668,33.119998931884766,33.36000061035156,1525200.0
34.0,36.209999084472656,31.799999237060547,33.369998931884766,2476200.0
33.75,41.79999923706055,33.08000183105469,36.58000183105469,2101200.0
36.52000045776367,39.93000030517578,31.18000030517578,32.83000183105469,1475400.0
33.56999969482422,34.0,31.18000030517578,32.83000183105469,718200.0
