Open,High,Low,Close,Volume
9.729999542236328,9.949999809265137,9.630000114440918,9.9399995803833,37600
9.9399995803833,10.800000190734863,9.770000457763672,10.289999961853027,18918100
10.300000190734863,10.520000457763672,9.8100004196167,9.84000015258789,15145200
9.84000015258789,9.899999618530273,9.609999656677246,9.829999923706055,19132800
9.829999923706055,10.0,9.8100004196167,9.90999984741211,5835500
9.869999885559082,10.109999656677246,9.850000381469727,10.039999961853027,6687800
10.09000015258789,10.600000381469727,9.979999542236328,10.170000076293945,13900100
10.170000076293945,10.1899995803833,7.860000133514404,8.039999961853027,19349400
8.260000228881836,11.279999732971191,5.880000114440918,8.34000015258789,39760300
8.390000343322754,9.479999542236328,6.78000020980835,7.03000020980835,6694200
7.130000114440918,7.25,6.989999771118164,7.03000020980835,209084
