Open,High,Low,Close,Volume
11.279999732971191,14.970000267028809,9.899999618530273,10.210000038146973,60019100
10.149999618530273,10.279999732971191,8.020000457763672,8.6899995803833,98666200
8.6899995803833,9.15999984741211,7.199999809265137,8.600000381469727,84898900
8.630000114440918,9.829999923706055,6.559999942779541,7.429999828338623,83253400
7.449999809265137,7.880000114440918,6.829999923706055,7.110000133514404,50097500
7.199999809265137,7.284999847412109,6.96999979019165,7.110000133514404,2123070
