Open,High,Low,Close,Volume
18.530000686645508,32.849998474121094,17.81999969482422,30.06999969482422,117136000
31.850000381469727,32.20000076293945,18.079999923706055,19.610000610351562,94617500
20.139999389648438,20.5,14.420000076293945,15.800000190734863,138527400
16.110000610351562,16.6200008392334,11.710000038146973,13.869999885559082,113942500
13.914999961853027,13.9399995803833,7.644999980926514,7.940000057220459,269965900
8.010000228881836,15.180000305175781,7.519999980926514,13.170000076293945,2855690800
13.0,13.09000015258789,8.8100004196167,9.9399995803833,997489300
9.970000267028809,10.6899995803833,6.144000053405762,7.210000038146973,1010491800
7.170000076293945,7.75,5.429999828338623,5.460000038146973,725322700
5.53000020980835,6.309999942779541,4.610000133514404,5.099999904632568,727945100
5.119999885559082,5.96999979019165,3.549999952316284,3.7300000190734863,686613100
3.759999990463257,3.950000047683716,2.940000057220459,3.109999895095825,498610300
3.1500000953674316,3.259999990463257,2.0999999046325684,2.6500000953674316,462461500
2.7639999389648438,2.930000066757202,2.200000047683716,2.509999990463257,283019900
2.549999952316284,2.6050000190734863,2.4800000190734863,2.509999990463257,15051181
