Open,High,Low,Close,Volume
29.381324109169192,30.310185374678245,26.506746580883746,29.47909927368164,15374800.0
29.57687330446287,30.75017150382548,27.57249090086666,29.000001907348633,14390600.0
,,,,
29.194767122912424,29.450000686884433,26.446101141088793,28.21310043334961,16624900.0
28.232735525753792,29.7935857843307,25.327001016261807,26.04361915588379,13207900.0
26.13196778084429,30.05863449113682,25.14048421180975,29.18494987487793,18783800.0
,,,,
29.33545293597453,38.63092578739283,28.63558060667747,37.44804763793945,26632700.0
37.68462573941906,38.81822180589634,33.38682314480449,34.589420318603516,17444300.0
35.1710040253949,39.04494055484863,33.90926518475312,34.9640007019043,14610800.0
,,,,
35.80286045505628,37.92927112936026,31.154422115064506,33.95337677001953,25231000.0
34.08195321243005,39.126005563235665,33.13248586622471,37.543556213378906,17502600.0
38.36444812618568,38.60181304955942,32.64785610626274,35.49626159667969,17027600.0
,,,,
35.667201922175494,36.69930888018174,32.79913860207977,35.76644515991211,12489700.0
35.57788158012414,38.078754151510566,34.31256164946655,37.50315856933594,9499500.0
37.532929087495795,38.60473322463038,33.950329986293674,37.71156311035156,13165500.0
,,,,
38.426452853200786,45.481930039069304,37.75877135115017,42.591976165771484,27108100.0
42.84111157840234,50.056034681429466,42.61190480722106,49.318599700927734,15911000.0
49.59762581823552,49.82682877441961,41.346304189666945,43.179931640625,19263400.0
,,,,
43.7599983215332,44.20000076293945,39.29499816894531,43.18000030517578,21808100.0
43.119998931884766,43.97999954223633,36.29999923706055,42.5,30019100.0
42.650001525878906,44.63999938964844,36.81999969482422,37.0099983215332,22208400.0
37.61000061035156,38.2599983215332,36.81999969482422,37.0099983215332,1218515.0
