Open,High,Low,Close,Volume
53.72999954223633,54.25,51.81999969482422,53.04999923706055,5395300
52.040000915527344,59.779998779296875,46.5,54.0,34250300
54.25,60.29999923706055,49.099998474121094,50.75,23993800
51.040000915527344,52.790000915527344,42.029998779296875,46.560001373291016,24599600
46.41999816894531,47.290000915527344,30.15999984741211,37.16999816894531,38877900
37.47999954223633,38.2599983215332,28.780000686645508,30.219999313354492,21431500
32.0,32.04999923706055,29.530000686645508,30.219999313354492,2855121
