Open,High,Low,Close,Volume
86.18000030517578,87.0,57.5,79.16999816894531,7292900
78.80000305175781,83.20999908447266,64.52999877929688,72.66999816894531,3408300
72.66000366210938,74.0199966430664,51.04999923706055,57.66999816894531,6626200
58.040000915527344,63.630001068115234,52.099998474121094,54.0,3103400
54.0,59.119998931884766,40.900001525878906,49.709999084472656,8378700
50.040000915527344,54.0,40.380001068115234,51.25,9811200
52.470001220703125,59.29999923706055,43.189998626708984,51.599998474121094,8492800
47.099998474121094,51.38999938964844,40.91999816894531,48.70000076293945,14769000
48.88999938964844,49.529998779296875,47.79499816894531,48.70000076293945,363336
