Open,High,Low,Close,Volume
38.59000015258789,43.52000045776367,35.5099983215332,40.13999938964844,26962400
40.18000030517578,43.4900016784668,32.7599983215332,34.650001525878906,21077200
35.060001373291016,39.36000061035156,15.5,19.290000915527344,59453800
18.459999084472656,28.09000015258789,16.655000686645508,25.15999984741211,37698300
24.280000686645508,32.54999923706055,22.325000762939453,30.360000610351562,32043200
29.760000228881836,49.779998779296875,29.579999923706055,42.0099983215332,35382600
41.9900016784668,50.630001068115234,41.540000915527344,46.5,37159000
47.099998474121094,52.94499969482422,43.380001068115234,49.38999938964844,21303600
49.709999084472656,52.529998779296875,40.380001068115234,41.689998626708984,16434700
41.68000030517578,45.9900016784668,38.81999969482422,40.08000183105469,15064700
41.2400016784668,44.869998931884766,37.22999954223633,41.0099983215332,20529300
40.43000030517578,42.36000061035156,34.534000396728516,39.66999816894531,54319100
40.06999969482422,46.099998474121094,37.400001525878906,43.63999938964844,26806600
44.54999923706055,51.4900016784668,42.41999816894531,44.13999938964844,21844100
44.65999984741211,45.95000076293945,35.599998474121094,37.66999816894531,29254300
37.79999923706055,40.81999969482422,37.38999938964844,39.599998474121094,20808900
39.779998779296875,44.97999954223633,38.0099983215332,39.65999984741211,39220700
40.40999984741211,46.79999923706055,39.08000183105469,43.54999923706055,22135500
43.41999816894531,43.59000015258789,38.52000045776367,41.060001373291016,24170600
41.560001373291016,50.25,40.970001220703125,48.650001525878906,29413200
48.630001068115234,53.08000183105469,40.02000045776367,40.16999816894531,32012900
40.40999984741211,42.79999923706055,31.65999984741211,32.810001373291016,141816800
32.83000183105469,35.46500015258789,27.649999618530273,28.68000030517578,81325000
29.09000015258789,32.22999954223633,27.700000762939453,28.739999771118164,78233300
28.56999969482422,33.34000015258789,25.81999969482422,33.310001373291016,79569600
33.34000015258789,36.36000061035156,30.979999542236328,35.75,47082300
34.959999084472656,36.36000061035156,34.88999938964844,35.75,2800175
