Open,High,Low,Close,Volume
20.100000381469727,21.5,15.380000114440918,20.3799991607666,54062500
19.469999313354492,19.709999084472656,7.949999809265137,9.470000267028809,115400600
9.84000015258789,16.3799991607666,9.670000076293945,16.079999923706055,61994000
16.079999923706055,19.270000457763672,14.510000228881836,15.329999923706055,51150400
15.229999542236328,17.549999237060547,13.680000305175781,14.25,44810600
14.319999694824219,17.059999465942383,11.800000190734863,12.510000228881836,54657600
12.795000076293945,13.199999809265137,8.0,8.369999885559082,166014200
8.479999542236328,9.8100004196167,7.090000152587891,8.470000267028809,122193500
8.4399995803833,9.930000305175781,7.71999979019165,9.699999809265137,38545100
9.789999961853027,9.930000305175781,9.614999771118164,9.699999809265137,3635112
