Open,High,Low,Close,Volume
10.300000190734863,12.649999618530273,10.109999656677246,10.479999542236328,6413000
10.449999809265137,11.02400016784668,9.220000267028809,10.239999771118164,7242600
10.800000190734863,10.899999618530273,9.680000305175781,9.90999984741211,1862200
10.0,10.0447998046875,9.680000305175781,9.90999984741211,102274
