Open,High,Low,Close,Volume
8.050000190734863,8.649999618530273,6.809999942779541,8.109999656677246,42847300
8.479999542236328,11.0,7.71999979019165,9.5600004196167,49191800
9.489999771118164,9.510000228881836,7.429999828338623,9.3100004196167,26202500
9.460000038146973,13.848999977111816,9.020000457763672,13.5600004196167,51072600
13.520000457763672,13.6899995803833,8.229999542236328,9.229999542236328,45251600
9.59000015258789,11.039999961853027,8.600000381469727,9.579999923706055,39965900
9.819999694824219,12.079999923706055,7.420000076293945,9.229999542236328,74783300
9.149999618530273,10.710000038146973,8.164999961853027,8.260000228881836,44788000
8.270000457763672,9.699999809265137,6.980000019073486,7.309999942779541,36147200
7.429999828338623,7.724999904632568,4.800000190734863,5.539999961853027,60875400
5.519999980926514,5.559999942779541,3.4100000858306885,4.269999980926514,40985300
4.21999979019165,4.409999847412109,3.630000114440918,4.289999961853027,24744700
4.150000095367432,4.320000171661377,4.059999942779541,4.289999961853027,1435385
