Open,High,Low,Close,Volume
11.5,12.638999938964844,11.34000015258789,12.050000190734863,7824600
12.260000228881836,22.579999923706055,12.260000228881836,19.940000534057617,15876900
20.389999389648438,28.780000686645508,18.700000762939453,24.34000015258789,17822000
24.489999771118164,38.220001220703125,24.489999771118164,37.45000076293945,21319400
38.41999816894531,47.369998931884766,33.29999923706055,46.400001525878906,32727100
44.29999923706055,49.900001525878906,39.79999923706055,44.93000030517578,44170200
44.75,45.2400016784668,33.709999084472656,39.13999938964844,36451600
40.400001525878906,52.849998474121094,39.0,48.29999923706055,51157000
48.5099983215332,62.20000076293945,48.349998474121094,50.70000076293945,54695700
51.189998626708984,51.880001068115234,42.13999938964844,51.220001220703125,59629600
52.279998779296875,60.09000015258789,47.060001373291016,55.279998779296875,77147500
56.11000061035156,61.5,45.630001068115234,58.86000061035156,92671400
59.0,67.5,52.5,66.72000122070312,73814500
66.93000030517578,75.19999694824219,66.69999694824219,71.94000244140625,39836700
71.8499984741211,73.25,71.05999755859375,71.94000244140625,1779648
