Open,High,Low,Close,Volume
20.0,21.760000228881836,19.31999969482422,21.010000228881836,21836500
21.0,25.56999969482422,20.260000228881836,24.979999542236328,28426700
25.389999389648438,26.920000076293945,22.450000762939453,26.079999923706055,11737500
26.200000762939453,32.0,22.729999542236328,25.190000534057617,18954100
25.420000076293945,29.208999633789062,23.299999237060547,27.600000381469727,15137400
27.799999237060547,30.079999923706055,25.420000076293945,27.780000686645508,13373200
27.739999771118164,32.900001525878906,26.540000915527344,27.649999618530273,22466700
28.1200008392334,29.049999237060547,22.639999389648438,24.940000534057617,14403200
25.100000381469727,26.209999084472656,18.549999237060547,21.690000534057617,15327600
22.059999465942383,23.56999969482422,20.110000610351562,21.489999771118164,4899000
21.68000030517578,21.729999542236328,21.059999465942383,21.489999771118164,336644
