Open,High,Low,Close,Volume
25.0,37.43000030517578,22.0,35.099998474121094,5572800
34.33000183105469,52.43000030517578,28.01099967956543,52.220001220703125,3929200
52.0,59.31999969482422,41.0,48.02000045776367,6973000
48.189998626708984,49.41400146484375,32.7400016784668,34.5,3722600
34.650001525878906,36.34600067138672,31.110000610351562,34.400001525878906,2395500
34.0,34.84000015258789,25.40999984741211,32.689998626708984,3034500
32.84000015258789,43.34000015258789,30.670000076293945,39.59000015258789,3696700
39.689998626708984,54.099998474121094,36.130001068115234,50.959999084472656,5762800
51.189998626708984,61.290000915527344,49.310001373291016,51.939998626708984,12586900
52.9900016784668,54.584999084472656,38.06999969482422,38.369998931884766,5777600
38.779998779296875,43.95000076293945,34.47999954223633,42.040000915527344,4223600
42.45000076293945,51.47999954223633,38.0,43.38999938964844,6489600
43.7400016784668,62.790000915527344,37.27000045776367,59.31999969482422,7511500
60.02000045776367,61.619998931884766,52.95000076293945,55.849998474121094,6200500
55.939998626708984,57.72999954223633,47.220001220703125,53.20000076293945,8076900
53.20000076293945,55.70000076293945,45.52000045776367,53.209999084472656,5500600
53.61000061035156,68.51000213623047,48.52000045776367,68.19000244140625,4670500
68.58999633789062,74.98999786376953,60.2400016784668,66.63999938964844,6459700
65.94000244140625,81.4000015258789,63.0,80.44000244140625,4089300
80.45999908447266,87.19000244140625,69.58499908447266,82.05000305175781,4567100
81.83999633789062,85.94999694824219,66.54000091552734,84.05999755859375,6894800
83.73999786376953,84.13999938964844,47.650001525878906,57.08000183105469,6052500
57.0,59.650001525878906,49.459999084472656,51.56999969482422,3407500
52.68000030517578,53.650001525878906,50.0,51.56999969482422,185784
